,Unnamed: 0.2,Unnamed: 0.1,Unnamed: 0,a-a0,a-a1,a-a2,a-a3,a-r,b-a0,b-a1,b-a2,b-a3,b-r,c-a0,c-a1,c-a2,c-a3,c-r,d-a0,d-a1,d-a2,d-a3,d-r,e-a0,e-a1,e-a2,e-a3,e-r,f-a0,f-a1,f-a2,f-a3,f-r,g-a0,g-a1,g-a2,g-a3,g-r,h-a0,h-a1,h-a2,h-a3,h-r,i-a0,i-a1,i-a2,i-a3,i-r,j-a0,j-a1,j-a2,j-a3,j-r,top-a0,top-a1,top-a2,top-a3,top-r
0,0,0,0,12,21,22,26,0.8604328052995035,7,11,18,26,0.5690071620441192,8,15,16,23,0.4284976564452285,8,10,13,19,0.6112242271566006,1,20,23,25,0.5076913578570736,14,16,17,24,0.614074877426495,1,7,16,17,0.8942062503489893,9,11,15,17,0.3517968582607959,1,7,11,14,0.5143311507765346,20,23,29,30,0.6565425138066348,20,11,8,9,-0.974106837845468
1,1,1,1,1,7,10,14,0.9630080795289506,1,8,12,15,0.3306488723722748,7,11,14,19,0.6343831635039892,1,8,11,12,-0.5780541327732465,1,9,11,20,0.2052548598071814,8,11,17,33,-0.3900554659957609,11,25,26,39,-0.4964907266301976,4,5,16,35,0.1794881127389648,10,14,16,19,0.8402410314369958,5,7,8,11,-0.5410516192808432,20,11,8,9,-0.9590969018669484
2,2,2,2,1,3,15,22,0.5509233585863837,8,11,23,25,-1.0760169922515654,16,23,26,30,0.8785888960072998,5,11,25,33,0.2175964784818747,1,9,17,18,0.8363479058976507,14,16,20,31,0.6482778838543917,8,10,11,17,-0.5326016677970054,1,9,17,20,0.8231845068219512,2,9,18,26,0.95420476286016,11,16,21,25,-0.6524862868523962,20,11,8,9,-0.9622811700555252
3,3,3,3,1,9,12,14,0.8532476333293448,5,8,9,23,0.5726706289708698,18,29,39,43,0.5572630422623099,1,13,17,23,0.9713055980081504,9,11,14,21,0.1409479672871585,6,7,12,20,0.8325796641768044,9,14,17,19,0.8377742123526469,16,21,23,32,0.2624653560607537,8,16,20,30,-0.3299111440151745,1,9,16,18,0.8409706030191146,20,11,8,9,-0.9602588029704209
4,4,4,4,4,10,15,16,0.3956677966996323,4,15,16,29,0.4436893185498617,9,17,43,46,0.9240417497209656,1,8,16,18,0.2820713373262604,10,16,24,26,0.9505017315022736,1,7,16,24,0.9886537727355243,9,29,30,34,0.8334420394626355,5,14,16,17,0.6981275378217531,11,13,18,23,0.6010447763342643,1,7,9,14,0.9666718710258692,20,11,8,9,-0.9776571200030464
5,5,5,5,17,18,25,26,0.6544862214775125,9,11,23,25,0.1577179125100181,11,19,25,26,0.2658632720238942,28,29,40,44,-0.2864740122271163,11,16,17,20,-0.0412803995672423,2,9,12,17,0.8207309977988764,8,11,16,23,-0.4285477616301278,7,8,9,24,0.6210040277226653,8,16,17,25,-0.2055878970392668,7,8,9,13,0.6290094861552042,20,11,8,9,-0.9635706362505099
6,6,6,6,7,16,20,21,0.5956568584632158,1,2,5,7,0.8800532789038479,3,9,16,30,0.1587996030412863,12,16,20,21,0.4178443080195162,1,8,9,16,0.4952636796913987,10,11,15,17,0.3421286419532603,1,5,8,13,0.6199429561989189,2,7,8,11,-0.3412274981128704,8,20,24,25,-0.2061568067349477,5,7,28,54,0.5485483972176821,20,11,8,9,-0.9784248821069768
7,7,7,7,20,29,36,42,0.8183652502170677,5,6,11,21,0.0724012017600614,33,43,45,49,0.626738500078901,12,19,27,30,0.3646466131175149,9,13,14,17,0.813001480797269,1,16,20,24,0.8881326639000824,1,7,8,11,-0.5067126000285536,1,9,16,20,0.8223808977442423,9,10,11,16,0.40252963823459,1,5,11,23,0.5539414173084535,20,11,8,9,-0.9829302200944723
8,8,8,8,15,20,23,26,0.9206390375685995,8,27,38,40,-0.8023033540417686,1,5,11,17,0.5169243955123143,1,8,9,25,0.0316180682872225,2,10,17,23,0.953818935240796,1,2,7,9,0.9172642134145882,7,8,9,11,-0.434430966448408,1,9,14,24,0.9230955475126036,9,14,16,17,0.6549135008625341,1,8,9,14,0.5016520548658565,20,11,8,9,-0.9697560241851666
9,9,9,9,2,8,11,13,-0.2588727954270651,13,23,27,32,0.0156476608035658,3,8,13,16,-0.4511489300836768,1,11,13,14,0.503501385887952,9,11,17,23,0.5869785440317099,2,7,8,9,0.6247254792612627,8,23,31,61,0.2369915195537687,7,8,11,20,-1.003501078637639,8,29,38,46,0.6994649822368029,1,4,5,7,0.4430070764149779,20,11,8,9,-0.9802794603880711
10,10,10,10,25,31,33,34,0.7530542495473741,9,13,28,29,0.7410995879734232,9,12,14,21,0.720593348983238,19,27,34,47,0.3977598322752326,1,8,14,24,0.6054438379360222,7,17,18,24,0.9156977435510496,17,33,37,47,0.4737621974481688,11,14,19,24,0.6751042324947905,7,8,9,17,0.5818128949544308,1,9,11,14,0.4909289874020932,20,11,8,9,-0.9664220967844743
11,11,11,11,18,20,21,36,0.6201680528648695,1,4,10,12,0.5129599896006956,3,5,7,11,-0.5427591498892013,10,19,24,25,0.7269244224800311,8,9,16,33,0.5845823033812053,19,20,23,26,0.90104590986066,9,11,16,22,0.5432493671359548,1,7,11,17,0.4999761474591755,7,19,26,27,0.7110751042199662,7,8,9,16,0.5790655348401195,20,11,8,9,-0.9809725277159895
12,12,12,12,2,8,11,22,-0.2553806831074876,17,18,28,31,0.3708447562145427,1,9,25,26,0.7097227748280026,1,7,9,10,0.7274897338773241,7,12,16,23,0.9241765019788118,4,8,16,28,-1.90492266422443,9,14,19,28,0.6585197435041785,7,8,9,20,0.2527457043957896,2,7,8,11,-0.340223857861891,1,7,8,18,0.5153431668539482,20,11,8,9,-0.9778673014939647
13,13,13,13,1,2,8,11,-0.3792573786241453,9,33,34,42,0.915258522871206,6,8,23,24,0.6634120399170454,8,9,11,23,-0.3439102104127773,1,8,9,11,-0.4985406161013579,7,8,9,20,0.2527513628133201,6,9,16,17,0.9421419256385948,1,7,11,16,0.5079986856847876,18,24,26,28,0.7720942602674615,21,29,30,32,-0.2746953840389317,20,11,8,9,-0.9780561203874343
14,14,14,14,6,24,39,48,0.2735126244973094,6,9,17,18,0.9360434765700706,23,26,29,36,0.8732378858734036,20,29,32,34,0.4160740537098476,7,17,26,35,0.8305925402841742,8,17,21,25,-0.6615633701239578,5,7,11,14,0.4852235237672946,5,8,25,26,0.1257187939507116,14,16,17,18,0.1827004435572213,1,9,11,14,0.4853489255551684,20,11,8,9,-0.9757667320914285
15,15,15,15,4,9,10,26,0.4404250966012574,7,9,13,14,0.9826052641120548,11,16,23,26,0.6420191807544201,8,9,23,26,0.6242468987569096,1,7,9,25,0.686094245784368,1,9,19,26,0.8284234630292618,4,8,11,16,-2.273040865435668,1,15,16,23,0.8836685048321373,5,16,19,30,0.8871808763248905,1,5,7,8,0.4411901251859186,20,11,8,9,-0.9685118839738014
16,16,16,16,2,3,5,15,0.6086316867097542,9,23,26,28,0.7006773092236934,11,20,23,28,-0.6281649552009547,12,18,30,39,0.2597909060488703,5,8,11,13,-0.3283172316835356,8,14,28,30,-0.9617138101925868,1,5,8,11,-0.4881503476598587,8,16,20,25,-0.4845856373246251,1,7,9,14,0.966841732693322,5,8,11,16,-0.5323442483072083,20,11,8,9,-0.9777357741161561
17,17,17,17,1,15,25,37,0.2539425912084865,2,5,9,20,0.8755716911441009,6,7,8,15,0.4884702278668174,7,20,25,48,-0.4143114083305179,5,21,23,44,0.445769107592274,1,16,17,20,0.6893993805414014,8,11,19,26,-0.2090029350597164,1,17,20,23,0.878593849119724,7,9,11,14,0.5704788918023485,1,8,9,11,-0.4988953884853551,20,11,8,9,-0.9786261501111555
18,18,18,18,16,17,25,36,0.6468049443253115,5,9,11,16,0.5747374500256435,3,10,13,19,0.6172461514537745,1,17,20,33,0.8818801928475084,4,5,16,17,0.4184327958638568,7,8,9,32,-0.3765325222135791,1,8,26,29,0.6399854778466485,11,24,25,30,-0.3779878481579515,8,9,16,17,0.3700686181522774,8,9,14,16,0.3812751285614991,20,11,8,9,-0.9785934583743248
19,19,19,19,3,16,24,25,0.1839382257249333,8,11,12,35,-1.236498966732618,3,13,17,26,0.6447715771196633,7,8,9,17,0.5808047213836152,9,14,16,17,0.6560133968399673,8,9,11,12,-0.5090490861599668,5,17,23,25,0.7802469556802949,1,8,16,17,0.2988168257015047,1,7,20,23,0.820264828477043,9,14,16,20,0.7588746401052774,20,11,8,9,-0.9684883284029371
20,20,20,20,20,23,30,32,-0.1214615342371667,14,15,21,32,-0.0369134689490291,5,6,14,17,0.8988360487218311,1,3,5,9,0.528981617730095,2,9,14,16,0.8204293554289798,5,8,11,20,-0.9694361318203965,7,10,12,25,0.7896890610796833,11,23,61,27,-0.8003918736765512,1,7,9,14,0.9653889959151865,7,9,14,20,0.8944718765273019,20,11,8,9,-0.9665852284278054
21,21,21,21,13,29,34,37,0.8598928485166113,1,8,26,29,0.6422024028941766,10,14,19,29,0.916772856473558,5,17,24,30,0.8882939323908142,1,8,27,43,-0.5521938873299597,7,9,20,24,0.8428597935720864,1,9,11,20,0.199390972328449,7,8,9,29,0.5596709765542969,8,16,19,20,0.310928187657419,9,16,17,20,0.7517974985482524,20,11,8,9,-0.9716862514221045
22,22,22,22,14,20,35,42,0.2254686636011575,1,8,11,13,-0.3694656813721575,1,3,20,24,0.3828739514411038,1,9,14,20,0.8244517718408244,9,14,17,23,0.9060634904366256,7,15,29,35,0.8351014944741866,1,9,24,26,0.8760143758471914,11,14,16,26,0.4147065683882374,20,23,24,26,0.917958063683506,9,11,17,18,0.3443722629692274,20,11,8,9,-0.9711881746838253
23,23,23,23,2,10,14,16,0.8158298392203662,9,11,16,17,0.3447788200205528,2,6,9,10,0.7880655657108682,1,7,12,21,0.8076747398910502,6,11,13,21,0.2535715407430113,8,9,16,17,0.3668137756659653,3,7,11,14,-0.5112974360384035,8,9,14,16,0.3780498304755186,8,16,18,33,0.4074780897884072,8,9,17,20,0.2065856947005698,20,11,8,9,-0.9855721014059622
24,24,24,24,5,8,14,16,0.4030882300303064,1,2,15,18,0.7719880446821125,1,7,16,20,0.8581777119259906,1,9,11,12,0.4866000061497686,1,9,10,11,0.3400826919918921,8,9,11,18,-0.5557736053086524,7,8,9,17,0.5720708093213708,8,9,20,24,0.3541570421007923,8,9,11,14,-0.5393931347868222,8,9,11,26,-0.35131782823281,20,11,8,9,-0.9863171366074357
25,25,25,25,7,14,40,52,0.8090259393929974,16,24,26,32,0.7068031965909387,1,17,26,59,0.7878139118338898,1,8,10,16,0.4873829859610494,5,7,9,10,0.6937853674787728,5,9,10,11,0.4144257930382912,8,15,17,23,0.4055992589392878,1,8,17,21,0.0528377455317005,9,11,20,24,0.3478790282672079,8,16,20,23,0.2824946871990292,20,11,8,9,-0.9854379041751982
26,26,26,26,2,3,18,28,-0.2551470443238997,8,11,14,15,-0.8806354717593197,3,5,12,14,0.4448363568650859,15,20,21,25,-0.0833643930794554,1,5,23,26,0.8560669268875001,7,14,17,28,0.5286342423388513,9,30,31,37,0.452561115373128,1,7,9,11,0.5102346716031753,7,8,16,26,0.5820108750944191,4,7,9,11,-0.4228248715505502,20,11,8,9,-0.9848652656843881
27,27,27,27,8,9,12,20,0.2193129757266385,9,15,17,21,0.695155329155751,7,9,15,29,0.970513668761532,20,25,30,35,-0.7890694574158108,1,9,10,20,0.6311538040435903,1,8,9,29,0.564093280759988,11,17,20,25,-0.5259844311576929,9,11,42,44,-0.1122565293415691,1,7,14,17,0.8895398126130644,9,16,24,25,0.7785184702152514,20,11,8,9,-0.9873409611366866
28,28,28,28,7,8,23,29,0.5655251962475749,12,16,20,29,0.7962430390738178,17,22,24,27,0.730912079156173,8,23,26,29,0.6656669981155758,1,9,16,25,0.7001269777134307,6,18,21,29,0.8412632322476987,5,8,13,14,0.5994530260229713,9,11,16,17,0.3529840162181964,8,9,11,23,-0.3453505734100162,8,9,14,17,0.377792355440478,20,11,8,9,-0.9787980293290297
29,29,29,29,2,4,5,11,-0.3135891906621468,1,4,10,13,0.5797315488193533,9,16,23,25,0.783532223163386,9,27,39,45,-0.3674801964880154,5,9,16,27,0.6883370333797993,1,8,9,11,-0.5072744188489418,16,17,31,32,0.2840099980466052,1,13,14,16,0.7846490061212948,9,11,17,20,0.189227948841292,1,8,9,11,-0.5072744188489418,20,11,8,9,-0.9884329824695637
30,30,30,30,6,13,21,24,0.893854363721494,5,7,9,10,0.6885817615289409,4,5,8,21,-1.059058662056398,2,18,21,22,0.777656472489537,8,20,23,24,0.4599272857274031,9,14,33,34,0.9006373070933286,8,11,16,21,-1.2644099180954438,8,11,13,14,-0.5168680836956532,5,7,9,11,0.4642997734445448,11,14,20,22,0.2130467540389325,20,11,8,9,-0.9849385456184137
31,31,31,31,2,3,14,16,0.3449608952248049,21,24,29,30,0.6157085290805755,3,9,26,37,0.2269726748054003,1,24,25,26,0.8034257769235156,5,15,17,24,0.9151626300457372,1,8,20,29,0.3034174620872885,5,8,17,19,0.6304667998272231,7,22,35,41,0.6104168819110805,9,10,11,24,0.4327652487714895,1,9,11,26,0.5584624987556057,20,11,8,9,-0.9859945782153496
32,32,32,32,14,18,25,45,0.1097210003040928,14,22,28,40,0.2474238231918814,1,5,9,13,0.9225055784438182,11,16,19,23,0.6545130560873975,1,8,12,29,0.5772530039294368,5,16,18,19,0.9309809871769704,1,7,8,9,0.5141761398855451,1,2,9,23,0.9184755483843192,8,14,16,18,-0.0304026709667688,9,17,19,20,0.8363085868527044,20,11,8,9,-0.9833815904072711
33,33,33,33,3,9,17,54,0.2751820555082747,1,2,6,9,0.917501759818435,5,7,10,16,0.9418732538763472,1,7,8,13,0.6162601636342808,7,8,9,39,0.1535925419436549,8,10,11,14,-0.5292709988432089,9,14,30,42,0.6533229090903521,11,25,28,51,-0.9498526348224594,7,9,16,23,0.9680453588819682,7,8,14,16,0.41646611156447,20,11,8,9,-0.9723362005947855
34,34,34,34,7,11,13,28,-0.149289222886892,1,4,35,39,-0.5280497091954517,8,11,13,21,-0.995578604275754,9,20,26,28,0.4234992309655139,11,16,17,18,-0.0962278598063375,1,5,8,14,0.5233966790851251,5,7,20,24,0.7914634546085904,1,5,9,20,0.8019965062765673,1,5,9,26,0.859814726430014,8,16,17,19,0.4040405372352951,20,11,8,9,-0.991137763849788
35,35,35,35,3,7,8,15,-0.4979495348292151,3,19,30,31,0.323298136365497,1,7,14,16,0.8937344519627782,21,24,35,46,0.6341642215980031,5,8,11,12,-0.5302109806863942,1,8,11,18,-0.6525145556496166,9,11,19,20,0.2753498744855671,9,11,23,30,0.2342096056126912,5,20,25,26,0.4938998852435257,1,11,14,20,0.1318912734834258,20,11,8,9,-0.9894372885438116
36,36,36,36,6,29,31,32,0.6696588534021778,6,8,9,14,0.5869274131051679,20,23,32,38,0.3933062673368978,8,12,17,23,0.436490386718747,5,7,8,9,0.4692866541448321,19,20,30,35,0.2047766920932179,9,11,20,29,0.3103194943518739,1,8,9,14,0.4995985348039957,21,26,29,37,0.5234010388315504,1,8,16,20,0.1636966098814789,20,11,8,9,-0.9745938378163972
37,37,37,37,2,6,7,15,0.9341662733357105,17,20,28,31,0.3042314513738733,16,25,30,33,0.4244790804959352,4,25,26,28,-0.8417875122050107,1,2,8,16,0.5128855257382563,1,13,16,30,0.7762578812222776,1,8,9,16,0.4913649874968687,8,11,14,29,-0.455911101441369,8,11,14,17,-0.894285691373909,7,8,9,16,0.5762856482390301,20,11,8,9,-0.986938019091379
38,38,38,38,2,3,9,14,0.5719799813403283,8,20,23,25,-0.2963705336173494,1,8,13,23,0.6730784456479313,2,26,28,31,0.7905222970234869,1,4,8,9,-0.464461372399404,9,16,17,20,0.7445418717736281,7,8,9,11,-0.4461804092184653,1,9,11,12,0.487068734102927,4,8,9,12,-0.4747121459225445,1,8,9,20,0.2021305627337981,20,11,8,9,-0.984960732682626
39,39,39,39,1,9,15,16,0.8442199806824933,2,4,12,18,0.3464680628722613,3,7,26,34,0.6498479797675804,9,10,16,21,0.6869967797923302,2,5,8,9,0.6301356502832509,1,8,9,17,0.4917302472263711,7,20,23,25,0.4925636990423347,5,9,11,14,0.5776516918268852,1,6,8,11,-0.4907654615968866,9,11,17,37,0.1023777487903233,20,11,8,9,-0.9773461708702902
40,40,40,40,7,27,41,44,-0.0912655813275944,2,16,19,21,0.8450183960732589,8,9,11,13,-0.3491112572748351,7,29,39,44,0.3827195756105837,6,9,14,23,0.9717665567019294,23,24,31,37,0.8886436666656601,9,17,20,21,0.5718078918929477,11,14,24,25,0.1293814640499333,1,8,11,16,-0.6360395313312877,8,9,11,16,-0.5445934153723524,20,11,8,9,-0.9882867824268744
41,41,41,41,9,11,12,15,0.3603446843234572,1,11,14,18,0.2498630920537815,11,14,23,35,0.1710221134157376,19,24,26,30,0.8971393889612091,16,26,33,35,0.8853474010127227,5,8,10,14,0.5780917516924311,1,9,14,17,0.8386558242269886,8,14,28,37,-1.0061680082374282,9,11,16,23,0.5870774180381855,1,7,14,17,0.8891989246116263,20,11,8,9,-0.9915483093623743
42,42,42,42,11,19,20,28,-0.5925894832503102,2,14,16,21,0.6356475942999656,1,2,11,14,0.5060314323467421,7,23,28,35,0.3077291917729012,14,22,24,27,0.7350113749071416,8,9,20,27,-0.7299707431977471,7,9,11,16,0.5676232834874668,1,11,17,24,0.5734052213462228,1,11,23,26,0.63259626847954,1,14,33,37,0.8219735438184042,20,11,8,9,-0.9827027700621196
43,43,43,43,1,13,14,26,0.9710981147737168,7,8,9,11,-0.4439971692642941,1,13,18,20,0.8325437766868815,5,11,17,33,0.6269412669534167,1,10,13,20,0.8302689141269234,6,39,44,54,0.2041365068797405,1,5,8,14,0.5314835572358583,1,5,8,11,-0.4894434240233902,5,7,8,11,-0.5645451416099894,9,11,17,19,0.538915688388417,20,11,8,9,-0.9818368009763063
44,44,44,44,4,7,11,17,-0.5454330912026224,14,16,24,26,0.8952663468396562,1,6,11,19,0.5950035114799446,5,9,10,11,0.4108445159369696,4,8,9,14,-0.4954228188770426,13,14,16,20,0.676915977745969,9,11,16,23,0.5848119841207213,11,13,16,17,0.2610299215729403,7,9,17,20,0.8880538205891475,11,14,20,26,0.2585218774338547,20,11,8,9,-0.9967553044444106
45,45,45,45,3,9,18,20,0.2187845445237279,13,16,19,23,0.9783541668300832,1,11,13,23,0.6614957863764672,7,26,27,29,0.639161510955828,5,7,11,18,0.4661154500716646,1,5,9,15,0.9675723781435076,1,3,11,16,-0.6014342953917815,7,8,9,11,-0.4524391503559555,6,16,18,20,0.7741418646807163,1,7,8,16,0.5131123442014927,20,11,8,9,-0.9927273837258943
46,46,46,46,12,42,47,49,0.5029590691452134,5,8,12,16,0.4242999305816183,9,16,17,18,0.6371187578892924,14,29,30,37,0.4969844945271641,5,8,16,17,0.4024537398777484,9,11,23,24,0.6577169370866002,1,8,9,14,0.4974713726361464,1,16,20,21,0.5318157632989048,5,9,11,16,0.5756793929394157,1,9,14,20,0.8228016437294671,20,11,8,9,-0.9774980748690616
47,47,47,47,1,9,11,17,0.4779049182323228,32,42,61,17,-0.3119419080711993,7,8,10,11,-0.446337371537191,9,17,22,23,0.9556049722463856,8,16,28,31,-0.3200759213784758,16,20,23,28,0.426083500739298,11,17,20,35,-0.3942689588807484,8,13,18,20,0.2260690590970056,1,20,24,28,0.4824618070745665,7,11,16,17,0.3743195438230903,20,11,8,9,-0.9771194227759583
48,48,48,48,25,30,32,46,-0.3587565130784451,17,34,35,38,0.7969621710073519,7,9,19,20,0.7970911065716747,11,31,55,59,0.1176474463321189,3,14,15,16,0.0412196213395333,8,9,21,48,-1.090678114522354,1,8,9,17,0.4910411212242911,11,33,46,50,0.7416619477549793,7,8,16,20,0.2294142862017076,5,9,11,16,0.575691972788343,20,11,8,9,-0.9777505921240921
49,49,49,49,9,14,21,31,0.7701809625229079,7,11,13,16,0.5620413681264154,1,10,15,20,0.8167334697100332,28,33,35,38,0.4370780916161654,8,27,33,34,-0.0274700374406218,1,14,19,20,0.8733518732144184,10,30,35,37,-0.1215570493827873,1,13,20,24,0.9269065805818998,11,22,29,30,0.3207165943690986,17,19,28,30,0.3435316647992963,20,11,8,9,-0.9946265641346801
50,50,50,50,19,26,42,54,0.8741715807040966,1,8,20,24,0.3614966824358372,1,14,16,28,0.4301406157674331,9,13,14,17,0.8115073591162676,1,9,20,29,0.8206404927055074,8,9,14,17,0.3653323091949489,11,17,25,26,0.0699320182698585,1,8,10,19,0.5160338599476748,1,7,11,24,0.6195485760062016,1,7,8,11,-0.5155847397460465,20,11,8,9,-0.9920126048678504
51,51,51,51,3,4,7,10,-0.4067621529608851,3,11,23,32,-1.868942050465637,1,6,18,23,0.9631535012078856,8,11,12,23,-0.451787824747164,8,14,21,23,0.1969689851917277,3,13,14,15,0.3330268166783861,18,24,25,29,0.8247149673454898,14,16,20,24,0.7654891312096637,16,20,26,33,0.9336239433755128,5,11,14,20,0.205104002100115,20,11,8,9,-0.9950903226509897
52,52,52,52,14,20,30,32,-0.32297533699847,5,8,10,12,0.5804000278309693,5,6,12,13,0.9390902126618073,7,17,31,32,0.567922949437364,8,9,10,11,-0.6106791392085116,1,5,11,14,0.5049831280890564,7,8,9,16,0.5717810334176017,1,22,26,30,0.8573065065784015,8,11,20,24,-0.7853162893376844,5,8,10,16,0.5741218211076673,20,11,8,9,-0.9967573582263343
53,53,53,53,8,9,16,27,-0.3002333006046007,1,2,11,14,0.4940531105083641,1,4,14,17,0.2999295385241055,2,15,21,30,0.4561653266033573,4,7,16,24,0.6465048288563265,13,17,46,47,0.8214796587562454,1,5,13,26,0.9425375139997,8,9,11,14,-0.5466761970354526,9,14,17,28,0.4995609687106174,1,7,8,9,0.5115133157243188,20,11,8,9,-0.9939366756406334
54,54,54,54,12,15,19,26,0.9159746606986916,7,28,32,34,-0.1190272707670041,3,26,27,32,-1.5258476599727944,9,17,24,41,0.926460204794066,13,14,17,20,0.683675858678616,11,14,16,24,0.4079092590745694,11,28,33,37,-0.6933150848699527,7,9,11,14,0.5702427800352559,4,5,7,8,-0.5269752301982638,8,9,16,20,0.2167928063823052,20,11,8,9,-0.9805260518795498
55,55,55,55,26,32,40,50,0.2404318068464596,4,7,9,20,0.2579216625533849,7,10,26,34,0.9242425965661756,36,42,53,26,0.7053327824511735,17,20,21,27,-0.1978226821191124,5,9,11,19,0.5641171921007906,8,17,23,27,-0.2224763809811509,9,11,25,31,0.0984124727561012,9,17,20,24,0.8753903697705586,1,7,14,16,0.8937846101729033,20,11,8,9,-0.9902516955346012
56,56,56,56,7,8,14,18,0.3847088487532644,7,11,15,49,0.5482971578621363,3,6,11,12,-0.4990395312478877,1,5,7,18,0.9145372847356604,11,17,43,45,-0.3838486641350045,7,8,9,27,-0.2325581822665694,11,20,23,29,0.3715916457238133,8,9,17,20,0.203178051376671,17,21,23,24,0.8929107278528436,14,24,25,26,0.8303517433026208,20,11,8,9,-0.9905191973629099
57,57,57,57,2,3,22,23,0.7421906546316729,5,10,11,13,0.6182219543798673,7,23,25,37,0.3314010612509575,6,11,14,16,0.3743293932038465,11,16,17,21,-0.1607667826109526,11,24,30,31,0.32968866678073,8,9,14,16,0.3734462901268287,1,10,11,24,0.5772651129261461,1,14,18,20,0.6844003465467084,8,9,16,24,0.6000405885107449,20,11,8,9,-0.993673750180901
58,58,58,58,4,32,46,47,-0.875443080861845,2,5,7,8,0.5420143188984775,7,9,14,17,0.9415054654682704,10,11,16,17,0.335786826412255,3,8,9,13,-0.3145042114531016,9,13,18,20,0.8447773979383091,14,16,23,40,0.6994527860305895,26,27,34,37,0.3790622380953106,24,26,30,41,0.7214693550582643,5,8,14,17,0.3902410759298613,20,11,8,9,-0.9942329845578566
59,59,59,59,3,32,34,50,-0.2144205466220992,1,5,12,15,0.8984075380139254,23,33,36,43,0.9531234361237562,12,14,16,21,0.4033877889516261,6,8,9,17,0.5722537133027878,1,7,23,26,0.8504400527835932,7,8,10,20,0.2402324199528227,1,20,26,27,0.4151504306400969,5,7,8,11,-0.578254048854475,1,2,7,9,0.9222633914889832,20,11,8,9,-0.9931168253975748
60,60,60,60,9,14,29,32,0.626722262174858,8,14,17,19,0.4044729575317763,1,14,25,31,0.6389789712298417,8,11,12,26,-0.4523791658418421,4,12,15,25,-0.1925662352262716,14,26,27,39,0.3008538515759578,14,16,17,20,0.4339474141909922,8,11,17,23,-0.4772321453689698,9,11,14,16,0.3504085567779496,7,9,17,20,0.8883735285020979,20,11,8,9,-0.9948991506085656
61,61,61,61,7,8,17,19,0.6301167943628787,5,9,11,13,0.6268513974248018,8,23,25,31,0.1995474579752599,1,8,9,14,0.4984804797777841,1,6,14,16,0.9012002186809795,26,31,43,46,0.8878720483913078,1,14,19,27,0.6826028236543458,5,6,7,8,0.2672982454204938,8,16,24,26,0.686864321296175,1,9,16,20,0.8226034409032512,20,11,8,9,-0.9761796319950364
62,62,62,62,2,7,23,29,0.89424050986155,11,13,16,29,0.6014350149538497,3,10,24,26,0.6587972376963753,1,3,8,13,-0.346899414267201,24,28,42,54,0.4376521478184551,1,7,9,16,0.9663924139650732,4,5,7,8,-0.538743920431046,9,26,30,33,0.8086485368439749,1,7,11,24,0.6201025868097394,5,8,11,20,-1.0011182759585404,20,11,8,9,-0.9911409582950883
63,63,63,63,3,11,14,25,-1.3647641586158636,1,6,14,17,0.8892500898603597,1,10,15,16,0.8384787196770953,5,8,19,20,0.3500816626963173,8,10,16,17,0.3581516208028916,9,12,13,14,0.8217051688691842,7,9,29,34,0.9255833662593048,7,8,17,23,0.5731199628498295,1,8,9,10,0.3405589414757319,8,9,14,24,0.6018186530775826,20,11,8,9,-0.9929721599458337
64,64,64,64,7,10,11,13,0.6152721565114401,6,9,12,22,0.9833924306916756,10,13,17,21,0.8017643719472073,9,18,20,22,0.84778568426209,23,25,26,31,0.7993782298423681,1,14,16,17,0.5795084872925624,5,11,24,30,0.3088496941812003,5,7,8,9,0.4679385183532328,5,8,9,11,-0.4297772707761633,8,9,11,15,-0.5358119585705268,20,11,8,9,-0.9794139267058921
65,65,65,65,3,7,11,17,-0.5081746424455331,3,22,25,38,0.2348537358172966,1,15,22,29,0.9711440414454852,9,16,24,34,0.9091232028209836,16,19,25,38,0.8141954956258655,8,11,14,26,-0.4382105237862419,5,9,11,14,0.5782361914811063,7,11,17,20,0.2073337354794402,9,11,14,17,0.356547701121049,1,9,11,16,0.4842176717559813,20,11,8,9,-0.9758265657820095
66,66,66,66,1,10,19,20,0.7710504395808946,9,15,17,20,0.7417043203255578,4,24,35,57,0.3648182919721727,14,34,42,44,0.4023241032649108,7,10,11,17,0.5550222191050705,1,9,14,17,0.8384708914693725,6,8,9,10,0.4105986426260974,7,14,20,23,0.8841984249696567,9,14,16,18,0.6427138717712029,1,9,11,20,0.1913785445810749,20,11,8,9,-0.9902361096672025
67,67,67,67,3,4,5,9,-0.3863195915921937,10,23,24,32,0.6740614661971425,1,12,16,26,0.8812466923746796,1,5,21,23,0.7734740311962829,9,27,30,48,-0.8654290729066667,7,11,14,24,0.6226637751096897,13,20,29,42,0.7585599978084769,1,8,17,19,0.5593145989005939,1,5,9,20,0.8029855474484434,1,7,8,20,0.209045481750684,20,11,8,9,-0.9923404815189405
68,68,68,68,7,17,35,37,0.4325870708019007,1,5,16,19,0.9893325349219818,19,21,32,35,-0.2598997049299474,3,5,8,13,-0.2970535599887181,8,9,11,20,-0.9892008170027048,7,9,13,17,0.982464241735482,20,33,38,41,0.7896896533309228,17,19,20,23,0.9280350584839052,3,4,8,9,-2.0161450814611523,7,8,11,17,-0.567273312245316,20,11,8,9,-0.9892008170027049
69,69,69,69,12,23,27,40,0.2992059496639702,2,4,7,8,-0.3116758387090896,9,14,17,18,0.6323317039384445,1,9,11,25,0.012948407257638,9,23,30,32,0.2675312686127808,1,9,15,26,0.9511708796873316,7,8,9,11,-0.4495810660654791,5,8,11,23,-0.3917215895313208,5,7,8,14,0.4905132225224367,7,8,9,11,-0.4495810660654791,20,11,8,9,-0.9899167703162943
70,70,70,70,9,17,25,27,0.1674305233265554,7,18,19,24,0.9911835810311408,1,5,12,16,0.8982038604379985,2,11,12,24,0.6177131214607271,13,20,24,27,0.5629784650614506,1,8,11,14,-0.6413346556927664,5,9,20,39,0.5453774120448729,9,14,16,17,0.6440891102942159,8,11,27,30,-2.720439564999935,8,14,20,22,0.2211111523771239,20,11,8,9,-0.9971540890463766
71,71,71,71,3,7,26,29,0.5595986863549011,3,17,24,28,-0.1531395135470152,3,8,14,16,-0.8011763076592318,5,8,10,11,-0.4510149513961274,8,10,11,19,-0.3917780019851893,2,5,9,23,0.9102101322911702,24,34,41,43,0.5942100186849135,8,9,17,20,0.1978311667953011,7,9,14,16,0.944130204037572,1,11,19,20,0.3064377216298239,20,11,8,9,-0.9985036515090697
72,72,72,72,7,12,22,25,0.7708073955077503,2,4,8,11,-1.9614024069065432,5,6,22,24,0.8877848840199177,8,9,11,16,-0.5505702346686547,8,17,24,25,0.1329947993547043,1,23,34,35,0.8259721537058837,8,11,18,20,-1.1775818114037024,16,17,28,29,0.5371619465158104,1,7,9,25,0.6842256695210877,1,20,23,28,0.4151044676958425,20,11,8,9,-0.9954918259745473
73,73,73,73,6,8,9,14,0.5761579965510264,3,5,12,18,0.4257187608185712,9,10,14,20,0.7256769400152987,9,16,26,34,0.9521199932346036,7,17,24,38,0.9666385621625894,8,9,14,25,0.0327838747272782,7,14,17,19,0.9320835507698608,8,9,16,20,0.2047445807521964,17,20,24,29,0.9330274926976052,1,9,16,20,0.8185699459717792,20,11,8,9,-0.998143271961881
74,74,74,74,5,6,20,24,0.7951040905635455,1,8,10,13,0.5688468238558899,3,4,11,16,-2.2334942052354982,11,16,37,44,-0.6132623218590878,2,16,17,19,0.8175123461370835,7,8,11,12,-0.5258990035944695,1,9,16,20,0.8206348165496582,1,9,14,17,0.8416488060867933,8,9,14,20,0.2172587024163645,1,16,20,23,0.8822267768793649,20,11,8,9,-0.9831440802703761
75,75,75,75,3,14,20,23,0.2995626725502451,5,16,18,32,0.4288967489869354,5,19,21,26,0.8212987335857198,1,8,43,47,-0.2656386097513241,1,8,9,11,-0.5131185283945414,5,7,16,23,0.8801731889956438,3,10,20,24,0.3510569523018289,1,5,8,16,0.5206019666730766,9,20,24,27,0.4586570439977679,5,8,11,13,-0.3426236064031729,20,11,8,9,-0.9954047210186776
76,76,76,76,6,18,24,34,0.976193257126695,1,8,11,16,-0.6206950695960651,9,13,19,20,0.8242353241930203,1,3,14,17,0.3272688394099361,7,9,20,25,0.4788566510329992,7,9,20,22,0.8668163954486658,6,16,17,23,0.9193999368853184,7,8,21,23,0.2064519199644447,1,11,18,20,0.1306302274728632,1,11,14,16,0.2797027385724766,20,11,8,9,-0.9836080561247416
77,77,77,77,8,9,10,14,0.4091866209022613,21,24,30,40,0.0186363714901708,7,22,26,30,0.8400474117835852,10,11,17,18,0.3350048717160361,2,5,8,13,0.6964882342974945,14,25,26,29,0.80525469540618,8,16,27,45,-1.011367657125195,1,8,23,25,0.1208467415043446,11,17,24,26,0.6666409481073181,8,26,35,42,-0.0742698379408803,20,11,8,9,-0.9823596747913568
78,78,78,78,5,7,9,21,0.7028209738299971,5,7,8,16,0.4992197314381076,5,9,11,15,0.5732549975919445,1,3,7,11,-0.475228571143508,8,11,19,20,-0.8189288059761552,8,17,26,28,-0.2079068846148415,8,17,19,23,0.6658126318313489,18,20,29,31,0.8730040499485054,8,11,16,20,-1.1340540200958475,5,8,20,23,0.2947830797789545,20,11,8,9,-0.981390437284869
79,79,79,79,5,8,10,15,0.5728883162231171,9,11,14,18,0.338767847905097,16,21,24,26,0.8931387742504382,1,9,17,25,0.6929617400862151,28,44,50,56,0.3538255355767031,2,8,20,23,0.4094953112566573,17,18,20,23,0.7631149069336529,1,8,11,14,-0.6396244813096719,1,8,9,11,-0.5147984038427174,9,16,20,43,0.7274763370066293,20,11,8,9,-0.9975334189911667
80,80,80,80,9,14,15,27,0.5152093707977434,8,18,19,26,0.6625263743341563,1,6,16,20,0.8640635087867387,8,16,17,19,0.4164192702197263,5,7,30,32,0.1039014258113364,5,9,11,23,0.5620134023728303,1,5,11,23,0.5551100666516569,1,8,14,20,0.1619858715265829,1,9,16,36,0.8609447916143098,1,8,11,14,-0.6170200161995281,20,11,8,9,-0.9824457593565059
81,81,81,81,5,27,29,42,0.4668507154652777,1,9,16,28,0.606111716940958,7,13,18,20,0.8913591750064312,24,35,36,40,0.5425389925266578,7,8,9,11,-0.4432371363378165,13,18,28,29,0.7208329724363571,1,4,8,9,-0.4622415621325775,11,13,16,26,0.6121620490543305,3,8,11,14,-2.2702527742289567,1,8,9,17,0.4895567464766308,20,11,8,9,-0.9808295305167376
82,82,82,82,5,9,13,17,0.9825725833620296,2,9,17,21,0.7999515827203055,8,29,31,42,0.4341724687626928,2,5,8,11,-0.3432692033285234,10,13,24,33,0.8645224544686432,1,9,19,20,0.7722339440690287,1,7,8,11,-0.5172230561426079,8,9,14,16,0.3723060955506831,9,19,28,33,0.6502282583618881,11,16,37,41,-0.3342795310960988,20,11,8,9,-0.995398652041598
83,83,83,83,1,4,12,13,0.5335810899261044,3,15,16,25,-0.2002333273578822,3,10,12,13,0.5678550844815408,1,2,5,9,0.9240721069377088,4,7,8,11,-2.136739975347764,1,9,14,26,0.951136839328915,8,11,16,20,-1.1638037333333635,7,8,9,11,-0.4564451060794303,17,26,27,29,0.731807908027395,1,7,11,20,0.1962082280221231,20,11,8,9,-0.9975889238927906
84,84,84,84,4,6,13,14,0.5976921520601362,8,11,14,17,-0.901024570386218,9,10,16,17,0.7670493366820043,1,11,26,28,-0.1908016194794144,9,17,19,30,0.7963939846945551,7,9,33,36,0.7756111251415729,8,11,14,23,-0.4619673712849412,8,16,17,20,-0.0460768354514997,1,6,7,9,0.8041269979977865,9,24,25,30,0.4284490199488755,20,11,8,9,-0.9971392087408988
85,85,85,85,6,10,18,31,0.9771620760473464,3,11,22,28,-1.634876248775628,1,3,7,8,-0.4764863752270241,5,8,11,13,-0.3440413080956004,1,14,16,20,0.6919169328858443,1,8,9,13,0.570681035581827,1,14,27,28,-0.1829758604876854,7,8,16,23,0.5778119796405803,1,5,7,11,0.4228581659700309,9,14,21,24,0.8379199475547332,20,11,8,9,-0.9962898173487194
86,86,86,86,1,4,17,30,0.066961525785856,9,17,27,31,0.6216507954430622,17,34,47,50,0.7574889728463222,11,21,26,27,-0.7574322814367715,2,11,16,31,0.4729890985319146,10,16,17,24,0.8519574729214818,7,11,16,26,0.5641669145636092,9,16,17,20,0.7411296964440321,1,8,30,31,0.1641146078697699,1,7,9,14,0.9661125164533676,20,11,8,9,-0.9946656529297369
87,87,87,87,3,13,14,16,0.3556016924167615,10,19,26,28,0.6675451862147964,21,25,26,32,-0.4202389111615099,17,25,28,32,-1.0432990005161416,1,7,8,19,0.6042823585427608,5,25,31,32,0.1598169871858586,1,5,8,9,0.5220306253524667,11,20,30,31,-0.2382368142628996,8,9,17,25,0.0400847210676942,8,9,11,14,-0.5279091154131861,20,11,8,9,-0.9772047701698923
88,88,88,88,20,31,36,38,0.920887496851326,4,8,11,21,-3.0479739687027365,15,25,26,31,0.7286607379742156,2,5,9,16,0.9832139850107616,13,17,24,25,0.7754062405010209,9,11,17,20,0.1827068465821848,1,7,8,9,0.5083423423130542,1,6,7,11,0.415642975963059,4,25,40,56,-0.5125372633278427,1,7,8,9,0.5083423423130542,20,11,8,9,-0.9982007088393248
89,89,89,89,1,7,13,19,0.9591482801399268,3,10,12,18,0.4078124133172756,8,23,26,32,-0.1911981692044091,8,9,10,12,0.413580829378531,1,7,11,23,0.5477686733301168,9,24,26,27,0.730084985189696,8,16,17,20,-0.0241129405628406,1,7,8,11,-0.498739337147442,5,7,11,23,0.4343089259122581,1,8,14,19,0.5766400198799588,20,11,8,9,-0.9798079673563551
90,90,90,90,3,9,12,23,0.6162909978553879,9,10,29,30,0.6463635023426497,5,7,19,24,0.8350862626976925,1,3,8,9,-0.4749671366260406,7,8,20,22,0.3323303480978749,4,5,16,18,0.4061909046781813,1,7,11,14,0.5004497424528743,5,7,9,14,0.9440085983434354,1,8,9,11,-0.5137107346294223,1,5,8,9,0.5169314309313862,20,11,8,9,-0.9961564581482776
91,91,91,91,1,11,12,15,0.2875210294644208,6,10,11,12,0.5748887001046774,10,11,17,18,0.3342949871478538,20,25,30,35,-0.7822756600080758,8,11,14,23,-0.4403287285250261,10,11,16,20,0.1961695091454742,3,7,8,14,-0.4749200023696285,5,6,17,18,0.8897924660446432,1,11,17,19,0.5535539442145534,7,9,20,30,0.569744328071043,20,11,8,9,-0.9808664794233699
92,92,92,92,6,9,11,13,0.6178207237423682,12,16,21,25,0.1625375866794477,2,10,25,26,0.7767367452796876,16,22,25,31,0.6417368755700602,1,5,8,17,0.5130700731313456,13,19,20,32,0.4497973258077944,1,8,14,25,-0.0544567355820171,7,8,9,25,0.0800823749069001,7,14,21,22,0.8400886304044248,8,11,14,20,-1.1591960158796804,20,11,8,9,-0.997081261316255
93,93,93,93,3,8,12,18,-0.8021815232021976,9,11,13,17,0.5284273602882497,9,16,19,20,0.8363050181604699,7,10,23,29,0.8141473839073166,5,16,20,23,0.885841793271111,8,11,17,18,-0.931979763244564,7,9,11,14,0.5613368583462046,12,14,28,33,0.5558049437031111,1,5,7,9,0.8081858463249318,5,16,17,20,0.776262809673657,20,11,8,9,-0.9988817645490109
94,94,94,94,4,7,34,43,0.3704572020844727,3,12,43,47,-0.3061570681665493,6,7,23,26,0.6802514382531826,15,21,35,36,0.5044013130804109,11,15,23,25,0.089034004663097,5,16,19,41,0.910604521142445,1,8,9,17,0.4883123638150378,9,14,20,23,0.8890392707249151,8,9,16,19,0.553591800107334,8,20,23,24,0.4613059153202316,20,11,8,9,-0.983199720965364
95,95,95,95,4,7,16,17,0.4018618564314373,3,22,26,30,0.3376981672127929,13,15,26,30,0.8470179137970661,23,35,39,44,-0.1572981033218146,3,17,26,29,0.6473146980138457,1,7,8,10,0.5041513651770276,8,23,41,46,0.5229803169908467,8,17,20,24,0.3067857593444202,1,7,9,11,0.5036357733633017,5,7,14,20,0.821099010435899,20,11,8,9,-0.9989973828607588
96,96,96,96,4,17,26,29,0.6471030419941246,3,4,17,29,-0.3882507750318695,5,7,8,9,0.4630680618610964,3,10,12,16,0.4058482612564895,1,23,28,36,0.7180307494244975,1,7,8,9,0.5088799735755349,1,9,14,20,0.8194429872163291,9,10,16,17,0.7671867899515513,1,7,8,10,0.5048168547000591,1,7,8,17,0.5070752019601723,20,11,8,9,-0.9967134902971009
97,97,97,97,8,9,19,20,0.2772065575778586,1,9,10,11,0.3341632563985187,9,12,18,33,0.8514505163202151,3,9,11,15,-0.5152918057351692,9,11,31,33,0.6308110807828258,5,7,8,11,-0.5777346166401833,7,8,14,17,0.3871467959095604,11,14,20,25,-0.5194388483508259,5,7,14,16,0.8924713873141192,7,11,14,18,0.360460957320189,20,11,8,9,-0.9951305198974087
98,98,98,98,8,20,22,23,0.4239876081634519,20,24,25,28,-0.0650531350339151,28,29,34,37,0.391226490678788,2,8,11,17,-0.517302202427455,19,20,21,23,0.6897716108368044,1,9,14,24,0.9218336579760948,11,20,21,25,-1.182606200527644,9,17,26,28,0.7011887913867092,8,14,16,17,-0.0114602381103823,8,9,11,16,-0.5307777601347028,20,11,8,9,-0.9773947222560231
99,99,99,99,5,7,13,31,0.9151055128849516,9,11,35,38,0.1943633032979386,7,14,15,23,0.9165791347603032,7,8,9,43,0.4200479209134229,5,9,14,17,0.9414607019010508,8,16,18,23,0.4025297840131314,7,8,9,24,0.6125427181942193,1,11,17,18,0.2340391166273459,7,20,24,27,0.4810074790324247,7,8,14,17,0.3860369963504398,20,11,8,9,-0.9973525742888594
100,100,100,100,1,18,25,30,0.2658354527293138,1,8,10,12,0.4898054110686648,6,19,35,43,0.6576977273953948,6,9,18,20,0.8881967935877049,1,11,13,15,0.4913497601260977,5,9,14,23,0.9715579738712584,1,7,8,9,0.5084004666204494,7,11,26,29,0.5521649730092633,8,9,10,11,-0.614009542621071,30,34,42,55,0.4762352388553997,20,11,8,9,-0.9970809849230453
101,101,101,101,4,5,9,23,0.5722173712578058,12,13,17,20,0.6926687955330015,8,12,20,25,-0.4700464324956228,5,9,14,38,0.9626536643688184,2,9,17,36,0.8664881673443442,1,4,8,16,-0.5608398384005455,23,26,27,28,0.1013428702604668,5,7,11,14,0.4883099453179338,1,7,8,9,0.5119321545881488,1,11,14,19,0.5620883419797409,20,11,8,9,-0.981472754161917
102,102,102,102,10,19,21,29,0.7738047648121423,7,8,21,26,0.1966203510626138,3,11,16,18,-0.8524921504433052,4,8,9,19,-0.3465591434239821,1,5,14,18,0.8893384549310681,7,11,14,16,0.372618364694059,7,16,24,25,0.8145672986838147,1,7,8,11,-0.5167961748088148,16,24,30,34,0.8069548594082192,1,5,9,26,0.8583630842092251,20,11,8,9,-0.9956219987691994
103,103,103,103,12,17,24,28,0.5621513784292442,9,14,19,26,0.918293687939148,4,5,9,10,0.416192701522377,5,8,15,16,0.4119960588993803,4,10,15,21,0.152193102839929,1,5,9,11,0.5150996971417966,7,8,9,17,0.5751839220013598,7,20,23,25,0.491080472434503,7,9,17,26,0.9676258138847084,7,8,9,14,0.5809784289343483,20,11,8,9,-0.9814057757496166
104,104,104,104,14,17,19,21,0.7194096202029998,17,18,32,36,0.4275880565430086,8,14,16,36,0.4087319443795768,11,14,19,27,-0.2131686088743363,5,8,20,23,0.2859900373127303,7,14,20,23,0.883964443605364,7,9,16,23,0.9700300212021244,1,7,8,9,0.5095961002864557,7,8,11,16,-0.5586986809851033,1,5,7,8,0.4299991716610472,20,11,8,9,-0.9947044317181457
105,105,105,105,3,5,9,12,0.6057223425252323,3,5,28,34,-0.1252373864952241,8,13,14,23,0.6340065777147419,25,26,27,43,-0.058077971280404,8,14,16,17,-0.0068896977421628,1,9,17,19,0.8836784559543508,8,9,16,17,0.3773135969595738,11,15,16,17,-0.0503351186436793,1,14,19,20,0.8783296984517018,11,25,27,28,-2.5112844794754,20,11,8,9,-0.9752621398318233
106,106,106,106,6,24,33,44,0.8637236600151907,25,26,28,29,0.3158140589158393,1,5,11,17,0.5035694095746412,12,14,15,16,0.2280074351934743,9,10,11,14,0.3990808531611948,9,11,29,33,0.6287302122220542,9,13,16,19,0.889512742901218,5,9,15,23,0.9715573765682864,11,16,17,26,0.3853408307144562,1,16,19,26,0.9838315808811958,20,11,8,9,-0.9899581058885603
107,107,107,107,5,10,22,23,0.905350680241916,5,8,12,14,0.4198789914861881,13,16,17,26,0.8402470982467066,5,7,8,11,-0.5705659750410521,9,10,11,14,0.399123906548163,1,7,11,16,0.5039733760404688,8,14,20,28,-0.8541030037711461,11,17,22,42,0.2514029842368637,7,9,13,14,0.9825954110339832,1,20,21,23,0.6021416192134883,20,11,8,9,-0.989030848324211
108,108,108,108,10,12,17,24,0.8600889697866565,8,9,11,12,-0.5137626703920684,7,12,18,19,0.9418516441731798,13,16,27,34,0.615681734905916,2,8,11,18,-0.5160314244329305,8,9,10,20,0.0872533074060879,4,16,26,32,-0.325161018843231,2,4,11,32,-1.8391420798188696,9,11,16,20,0.2053330288207618,7,8,9,24,0.6156601391813662,20,11,8,9,-0.9749186033509809
109,109,109,109,15,17,27,42,0.1710046207805617,5,16,19,20,0.9266641276679504,4,9,13,14,0.5757267025571544,12,20,23,30,0.6384673142529131,13,14,17,20,0.6884490065682922,1,11,14,25,-0.0498927113957465,7,9,10,24,0.7079689806281932,7,11,20,23,0.278532932995426,5,7,29,37,0.6417764562002013,1,7,11,16,0.5143165652702286,20,11,8,9,-0.9780496488031925
110,110,110,110,9,18,23,28,0.6963940360680678,8,14,36,40,0.1663515033071124,1,7,17,25,0.7243671366294457,7,14,23,27,0.6885974477328011,9,10,18,26,0.832650506158659,20,36,55,43,0.7735110637667533,1,5,9,16,0.9666956413806111,7,8,11,16,-0.5529387414356011,7,8,20,24,0.3743133119945365,7,8,9,11,-0.4500811099392077,20,11,8,9,-0.9899862707297575
111,111,111,111,5,9,23,25,0.7146315900022538,9,14,22,40,0.7809583805567883,5,29,35,45,0.4153351994995198,1,12,14,25,0.5629691755156294,9,16,24,30,0.837804246319402,1,7,11,14,0.5068548799685066,4,8,9,27,-1.7299516038384095,1,7,14,17,0.8925877311431922,7,8,16,17,0.3902300576378714,8,9,11,15,-0.5447875242118836,20,11,8,9,-0.9877889572787668
112,112,112,112,9,31,34,44,0.7488708451700948,8,9,10,16,0.4061296130640144,5,13,16,47,0.8149491518210079,6,10,19,23,0.8134496859456939,5,17,26,32,0.6102318387403801,1,8,10,11,-0.5192194149918137,9,16,17,26,0.90148774570846,4,14,16,17,-0.0002654074789925,5,9,11,26,0.5596684303444185,1,5,9,11,0.5127808648955194,20,11,8,9,-0.9940616640689344
113,113,113,113,7,9,13,16,0.9824569850549824,7,13,26,30,0.8396222102827459,4,6,9,16,0.5925515478369198,9,24,27,35,0.3827416662177292,4,17,24,25,0.1585899337683363,7,14,15,17,0.6973071589616999,1,8,16,17,0.2810512176807285,8,16,20,24,0.3217125249023247,4,8,9,19,-0.3419095862600305,5,8,16,20,0.2288229337111306,20,11,8,9,-0.9884512702836079
114,114,114,114,6,9,23,30,0.7668999903595876,1,2,12,14,0.8009435594998926,16,21,29,37,0.498944991369838,1,7,14,17,0.8999144570075868,1,8,26,31,0.6590750601641743,1,7,8,10,0.5092322544280788,9,10,11,16,0.399902359932477,1,14,17,19,0.8591673170484277,8,14,18,25,-0.210569474524106,1,7,16,50,0.954368038752088,20,11,8,9,-0.9755976371094612
115,115,115,115,3,7,11,15,-0.4930626711814045,1,10,13,17,0.9101731145043208,18,19,35,39,0.485326645017672,11,15,25,26,0.0983657429746336,7,10,17,19,0.941177747050052,20,27,28,29,-0.4137668840896,8,39,43,49,-0.1564533874744473,1,8,26,29,0.6417928329958527,7,8,11,24,-0.271728691095741,1,7,9,11,0.5093937466381665,20,11,8,9,-0.9739956645642622
116,116,116,116,21,23,34,36,0.8764863748844047,3,10,13,14,0.5680496904553269,7,18,26,27,0.6831655913538384,5,6,9,18,0.9455430219297712,8,10,11,13,-0.3550751978796718,1,7,9,16,0.964936855015828,7,14,24,30,0.8837138376245086,5,17,24,26,0.976878264719447,1,10,14,25,0.6953208511020114,1,14,17,18,0.5643376784188783,20,11,8,9,-0.9874577214932445
117,117,117,117,6,20,32,34,0.3511777092123695,1,14,39,47,0.3177678214432529,4,5,9,14,0.602765427737781,4,33,45,46,0.39355822886747,9,11,16,26,0.5939169197505679,16,23,36,44,0.8597744146635111,7,9,17,23,0.9668497254202046,9,11,13,25,0.1498137021298518,7,8,11,14,-0.5247524543050064,8,9,11,25,-1.2043560944712528,20,11,8,9,-0.9751788954284866
118,118,118,118,7,9,15,22,0.9811491588226786,4,5,8,12,-0.4488433300461651,3,4,7,10,-0.3924863081619263,1,7,8,13,0.6159789756725712,5,21,23,24,0.8363702171951892,2,8,10,16,0.5563713159134639,11,14,17,20,-0.0385719324325286,8,9,10,17,0.4051352578528338,5,7,8,11,-0.5537045566906793,11,24,30,34,0.344207666118106,20,11,8,9,-0.9749413290718387
119,119,119,119,1,9,17,27,0.5987769684518054,3,6,9,13,0.6271727452656224,4,11,19,20,-0.803220739394662,8,9,20,24,0.349298928735682,9,16,29,51,0.9484297792457068,7,8,9,14,0.5762877322677675,8,15,17,23,0.4099187349727099,1,14,16,25,0.5537807928167056,7,8,16,20,0.2190974706607508,1,8,11,17,-0.6444502142078223,20,11,8,9,-0.9913138978928187
120,120,120,120,5,14,22,30,0.8536483763623633,2,3,5,6,0.5626038692334357,6,9,12,17,0.9493526258612672,5,8,9,14,0.5892206177496686,13,16,23,27,0.7318253261991923,28,43,45,21,-0.7711696912749773,7,9,20,21,0.5689623105835009,9,10,11,23,0.4229347898240839,16,20,30,31,0.5281675454914794,1,11,25,49,0.0838524946059948,20,11,8,9,-0.9762609484951421
121,121,121,121,5,8,11,17,-0.5504368516357425,2,8,10,14,0.5501084418111991,1,9,11,20,0.1902176479999784,1,4,15,16,0.3120878662045409,17,19,20,23,0.9283191960935137,9,13,16,17,0.8110401774809999,1,9,13,14,0.9143680421603262,12,13,14,16,0.5282729315971029,9,21,23,30,0.5056915701067921,8,14,16,17,-0.0278009254332585,20,11,8,9,-0.9894724779757862
122,122,122,122,4,13,14,17,0.3277474150641113,1,5,16,21,0.8079575842479033,4,16,18,24,0.432172574049246,10,23,36,39,0.7229384242710275,16,26,27,42,0.4594274652286585,2,8,9,23,0.6593756878889514,1,2,9,24,0.8987283544828477,5,11,13,16,0.5755304888827668,1,5,9,16,0.9664382164960026,9,16,22,35,0.7977753063399481,20,11,8,9,-0.9889113109128629
123,123,123,123,13,16,20,23,0.9067916398706128,2,3,7,40,0.2355672430267423,14,25,28,31,0.1239175961146096,1,5,9,26,0.8499247706201993,7,8,11,20,-0.990552029076416,9,17,20,26,0.8870285234559538,14,18,20,23,0.7873993011229559,1,7,9,14,0.9638104001819194,9,11,14,16,0.3688902572784788,5,7,8,11,-0.554032992253306,20,11,8,9,-0.9748343436668827
124,124,124,124,3,11,12,20,-1.08826082610098,10,13,21,25,0.3929556311657748,7,15,17,19,0.9324750405122552,11,13,17,29,0.5999753709827584,23,27,31,37,0.3859560121391417,1,17,19,21,0.8207748438454219,1,32,38,39,0.183160138174196,8,14,26,28,-0.2069058701767798,8,9,11,16,-0.542647590304296,1,6,7,8,0.4271003596979894,20,11,8,9,-0.9891862972490071
125,125,125,125,2,8,17,20,0.2233262646758272,16,17,19,21,0.7215857498009,2,17,28,39,0.2504237441722399,7,9,10,11,0.4017119048340591,9,16,20,22,0.8489084426232174,1,14,17,24,0.8486331110563297,9,17,31,32,0.5496179613591107,8,11,14,20,-1.139189785975272,1,7,8,9,0.5125784238772912,5,7,9,17,0.9439119457682345,20,11,8,9,-0.9848868655550249
126,126,126,126,7,8,26,33,0.6469346410005967,5,7,12,14,0.9018528320614474,12,13,24,26,0.9778070872277784,1,8,14,28,-0.3656226597829979,1,22,28,29,0.7543489885486439,1,7,11,23,0.5445235157848376,7,8,9,13,0.6211981231629675,5,9,13,16,0.9826453638918448,9,11,24,34,0.6549733263333254,1,7,17,20,0.8576706930954048,20,11,8,9,-0.9863130986709603
127,127,127,127,1,5,13,14,0.9801503994450066,8,11,12,16,-0.8223969583201625,17,18,35,45,0.2277496884385679,5,8,17,18,0.4042912018206219,8,9,11,17,-0.5310512513597561,11,22,26,28,-0.0226128112473456,8,9,11,18,-0.5343011769901906,11,14,17,20,-0.0344277249361448,9,11,14,16,0.3716377824991606,8,9,10,16,0.4099309712348151,20,11,8,9,-0.9694136090734036
128,128,128,128,7,12,14,20,0.7972018993938899,1,8,11,13,-0.3864067540210134,24,32,33,40,0.4132610542752755,11,20,24,31,0.4185557885714587,8,23,25,30,-0.4628469211473047,8,9,16,17,0.3674714311598939,7,16,19,24,0.9917653390166838,5,9,11,17,0.5659158730741156,7,8,17,20,0.2147832333366052,1,17,24,25,0.7608980177229808,20,11,8,9,-0.9887025018373006
129,129,129,129,1,9,13,19,0.8456852648698201,5,7,9,21,0.7015028067791403,5,20,30,45,0.0654022544576046,1,6,8,9,0.5162700073483617,5,8,14,16,0.4254004605995684,1,20,29,37,0.5820992168670741,9,14,16,17,0.6584497692457735,17,23,30,31,0.8204389245042628,17,20,24,25,0.5629145904480867,9,11,14,19,0.5466940712488475,20,11,8,9,-0.9754942063040983
130,130,130,130,9,18,26,30,0.8435458636827718,2,7,9,31,0.9542767075734544,1,7,8,11,-0.5077370371664989,1,7,11,20,0.2038781355539177,6,9,10,11,0.4043101051108954,8,10,14,23,0.5978234763093455,5,8,17,20,0.223671526094628,8,9,16,25,0.0382350133154334,8,9,16,21,0.1344876804977925,5,11,16,19,0.6231483118160324,20,11,8,9,-0.9878055478540131
131,131,131,131,12,16,17,20,0.4527122344251548,5,8,16,34,0.5538220819318915,2,15,16,20,0.6794303531594023,8,16,31,38,0.5799200554603746,6,9,14,16,0.9456973217997896,3,5,7,9,0.4664573014010098,1,11,20,34,0.2515785115315646,7,16,17,29,0.9135636856125052,20,25,27,28,-1.4335596294608957,1,9,11,23,0.5562405834883042,20,11,8,9,-0.9921791836081186
132,132,132,132,4,5,6,10,0.4763299884764658,9,18,24,28,0.699548289670989,1,11,16,26,0.5628722273937511,1,17,27,33,0.6911557526293901,16,22,25,30,0.3483087976780565,5,7,8,9,0.4677726430029324,8,17,28,29,-0.2015007908277926,7,8,14,20,0.2369955297125949,8,9,11,14,-0.5248749220906159,8,9,11,17,-0.5376077054615389,20,11,8,9,-0.9760208809268296
133,133,133,133,1,4,5,14,0.5550711933165489,1,8,10,13,0.5710793048352125,1,11,15,26,0.5637535906109326,7,18,25,49,0.7507955094206574,1,10,16,20,0.8190848401760855,1,9,14,17,0.842942484115093,7,8,11,17,-0.5358047460011646,1,11,29,37,0.1960169201675199,1,9,10,14,0.7785584340341345,8,11,17,20,-1.1321821856862138,20,11,8,9,-0.9726196696081091
134,134,134,134,1,5,6,9,0.8070838946563978,10,14,16,17,0.6493371163568868,6,11,18,24,0.6243802770712156,3,8,9,17,-0.4901759708215896,1,9,16,23,0.9495827534673922,2,23,26,27,0.7999388870103756,8,9,16,21,0.1360347131263263,1,8,9,17,0.4869335816526974,1,5,7,8,0.4352764862046837,1,11,16,18,0.2566886112304541,20,11,8,9,-0.9857526239014556
135,135,135,135,1,13,22,30,0.8440839095110058,1,9,12,13,0.9149272371441542,13,17,27,39,0.2525441116277213,1,11,60,44,0.1524889385287815,14,17,24,26,0.896869819913776,8,17,29,32,-0.3717942942159256,1,8,9,11,-0.5046967880443696,7,8,9,16,0.5779564218690442,14,24,30,33,0.8978265015477099,1,8,16,20,0.1568629443082565,20,11,8,9,-0.9846285375572628
136,136,136,136,13,16,22,23,0.948809801249207,3,15,18,26,0.4436582001923793,6,11,40,42,-0.2470679083223272,5,15,17,18,0.6888745550143214,1,8,9,17,0.487987061417555,5,7,11,17,0.4789802136980196,1,9,11,16,0.48027288082064,1,16,20,23,0.8817595720556703,5,8,11,17,-0.5407960496271289,7,9,17,24,0.9718227698443588,20,11,8,9,-0.9840198233436726
137,137,137,137,18,28,30,34,0.2119518661629417,9,10,12,18,0.7696007931905046,9,11,12,17,0.3606284044526934,9,11,15,23,0.588017161409371,5,7,9,24,0.8041683714389047,1,7,8,14,0.5227474513009556,1,11,14,28,-0.3890427924074866,11,26,28,29,-0.0722685636461681,1,7,9,14,0.9648425844382128,9,11,13,14,0.5427959230229902,20,11,8,9,-0.9872336157965542
138,138,138,138,14,20,24,31,0.8672861631665856,3,31,44,45,-0.5030259121536798,12,22,26,31,0.9314573948274484,1,8,9,10,0.3355804970982324,1,4,9,20,0.2120798391800944,8,11,14,17,-0.8824143720327617,1,7,8,11,-0.5063890278276495,8,9,16,18,0.3660873228942169,13,17,19,22,0.9188091619090872,8,16,18,24,0.4122624337466249,20,11,8,9,-0.9867646219968937
139,139,139,139,13,15,18,23,0.8383872040072249,1,6,15,22,0.9747872498171756,5,6,12,40,0.7538098328114904,9,10,15,21,0.6853511958675653,2,5,7,8,0.5468907859309462,10,16,25,26,0.7797695426762895,9,14,16,20,0.7518248141292374,8,9,11,19,-0.3787325278091702,9,17,19,20,0.8345354815004062,1,14,18,25,0.5467953425886474,20,11,8,9,-0.9881272516290784
140,140,140,140,3,11,12,28,-1.8998605049419293,1,3,8,9,-0.4633195040064508,1,5,11,20,0.2202270327453939,13,16,20,26,0.9049406100884538,1,7,12,17,0.904623509296887,2,20,23,25,0.5927848253825914,1,8,21,23,0.2251721575639786,8,9,25,32,-1.1330152258047963,1,7,9,13,0.9145898834474722,1,14,30,35,0.4016170538657829,20,11,8,9,-0.979829598728948
141,141,141,141,7,24,43,44,0.6107098061779015,4,7,25,34,0.1203722053069036,5,8,25,32,-1.1613469355407404,9,20,29,32,0.333387371295529,22,26,27,31,0.7892122780142616,6,9,14,16,0.9455409199723852,14,51,59,25,0.1629623510604843,5,7,10,13,0.8651495540461617,5,11,13,15,0.5719479298646897,9,14,17,21,0.6976919257844959,20,11,8,9,-0.9938197062443195
142,142,142,142,7,9,18,25,0.7799382592549433,17,18,19,37,0.6964235631223318,14,16,34,35,0.5560828952555692,11,16,29,35,0.16712030300331,7,20,24,30,0.6608155112160299,1,6,9,16,0.9655122670124744,5,7,8,18,0.4831464737677906,7,11,17,26,0.5608622747243887,1,8,11,17,-0.6499883003063707,8,14,23,41,0.3459951274545645,20,11,8,9,-0.9959993418422359
143,143,143,143,8,17,18,21,-0.1300701196088258,10,23,25,43,0.5963814302982675,7,8,9,13,0.618228968482643,14,18,23,24,0.8976239019218717,8,11,16,28,-1.982482643133488,8,9,14,15,0.3794588485165826,7,11,13,26,0.6447883606643214,8,9,10,20,0.0795729220070111,3,9,11,13,-0.3252731727699463,7,9,24,30,0.8058697563453209,20,11,8,9,-0.9895372880072362
144,144,144,144,17,22,25,26,0.7715005276492778,5,11,16,21,0.1178245253316863,11,15,16,18,-0.0861916084140173,8,16,20,47,-0.4298884521128332,1,7,9,11,0.4996193319793857,11,16,19,20,0.2700291663644883,1,8,11,16,-0.6482104752948343,5,8,26,29,0.5644637806861752,7,11,14,17,0.3601207523199857,20,26,30,33,0.696771828242489,20,11,8,9,-1.006155736880456
145,145,145,145,10,26,30,36,0.7316395236185645,8,18,20,23,0.280158750950066,13,29,31,32,0.735747087638395,4,5,7,8,-0.5281150515303761,16,26,29,39,0.8490741213186783,10,16,25,31,0.6907824914242322,1,2,8,14,0.5222588800002812,11,12,16,33,0.4184773329383191,7,9,16,19,0.9432365035739472,9,12,14,16,0.6708394310615705,20,11,8,9,-0.9885709359402757
146,146,146,146,1,3,8,16,-0.5857818932333123,1,7,14,28,0.6252213736231532,1,5,9,12,0.966155782997504,1,23,24,27,0.7669613947551982,8,9,10,17,0.3962551925235326,5,7,8,24,0.5397525298976755,7,8,9,13,0.6142711571780036,5,7,8,11,-0.587122428118775,15,16,19,20,0.7649788297712639,14,16,17,20,0.4331173854931818,20,11,8,9,-1.0078473167013096
147,147,147,147,1,3,9,25,0.0118864089031075,1,7,12,22,0.9741881681153928,4,8,10,24,-0.2837983673944508,1,6,9,25,0.6790646691570746,1,5,8,18,0.5055604945511099,1,9,17,20,0.8124616276853438,8,9,30,39,-0.4713914689861003,9,11,20,26,0.2904097455313751,1,8,9,14,0.4817230590318383,8,11,14,17,-0.9109755458711007,20,11,8,9,-1.0123359659539055
148,148,148,148,4,5,8,10,-0.4203075100253592,9,20,23,31,0.8772205159178373,4,8,28,30,-2.6653314029713453,1,12,14,41,0.6452126525545718,5,8,10,11,-0.4569377986741194,7,8,17,26,0.5688652217380372,8,9,20,21,-0.2836447990738255,7,8,9,17,0.5635133596278459,7,8,11,20,-1.0286632822036803,8,9,11,14,-0.5560312855819833,20,11,8,9,-1.0063658964627198
149,149,149,149,9,26,27,40,0.2987709689670583,4,5,14,16,0.4139789852532769,9,11,17,26,0.5725870359906924,8,14,25,29,0.084754363009202,1,7,18,26,0.9605209740907036,8,9,20,25,-0.4109552200418405,9,11,14,53,0.0756580285569648,9,11,24,25,0.1752739741723328,1,7,16,26,0.9622749662185408,1,5,8,9,0.5089613418109304,20,11,8,9,-1.0129225465039897
150,150,150,150,1,21,22,26,0.8533988484879201,11,13,15,20,0.1911570053952107,2,8,12,20,0.2234009517670846,8,11,12,20,-1.1562100215988376,1,13,17,20,0.8251469892587677,6,8,11,20,-1.025309733195494,1,9,14,28,0.5952350653643875,20,25,31,35,-0.0779544270951453,14,16,23,28,0.5442099615848206,1,8,9,11,-0.5260192959641774,20,11,8,9,-1.0104700443922634
151,151,151,151,2,7,16,21,0.8362644537416654,1,14,22,46,0.9582985514887696,2,20,22,25,0.5560273887118825,11,19,22,26,0.7334246106385298,8,17,21,25,-0.6934221096685156,1,5,8,13,0.6063091217214347,4,9,26,36,0.5629557008844293,1,9,20,25,0.4161732705992802,1,11,13,16,0.487072750859711,9,14,24,30,0.8340827038894969,20,11,8,9,-1.0103184103212914
152,152,152,152,7,10,19,21,0.7589461476848648,1,5,27,35,0.2329196453206226,10,18,32,43,0.3807547603337167,3,5,11,16,-0.5239735557738499,9,24,37,50,0.7894688193710518,1,5,9,11,0.5049128717460176,1,5,9,21,0.7488151553370712,5,9,11,17,0.5552123219509907,9,11,24,28,-0.118078425734079,5,7,8,9,0.4568651087524059,20,11,8,9,-1.0119098954005894
153,153,153,153,13,14,19,21,0.8465034938811531,7,15,19,22,0.993870766113418,16,18,25,31,0.4741477598001965,1,5,7,20,0.7308602255371864,1,30,37,43,0.062327714668633,8,9,11,12,-0.5313611116812533,7,14,16,23,0.9241735791300584,16,24,25,26,0.8302874480771677,8,11,16,20,-1.1473936564400962,2,20,26,27,0.5204946974602433,20,11,8,9,-0.9955864920543787
154,154,154,154,17,25,31,34,0.5713876304444108,9,10,11,20,0.0731479420615863,1,12,17,20,0.7017865032748202,4,5,6,7,0.2673055990303126,16,24,26,27,0.7760271590421934,4,7,14,16,0.4281467657102094,5,14,17,20,0.7891246417758566,9,23,26,30,0.79509194438419,1,5,8,14,0.5297194794830729,5,11,13,14,0.5807054909403602,20,11,8,9,-0.9930751483589961
155,155,155,155,14,17,24,28,0.5352237040037195,11,23,24,39,0.3352225079997114,1,5,8,9,0.5105401547614546,1,7,12,34,0.9581593603357762,1,20,21,24,0.6423019303065292,2,9,17,26,0.9556309492839732,1,9,16,20,0.8148383318763777,9,14,17,18,0.6341461459498556,4,14,26,38,0.6368082899655991,6,11,16,26,0.563246927493896,20,11,8,9,-1.009535114972167
156,156,156,156,7,8,10,14,0.572886544795128,2,10,49,61,0.7800203556135934,5,6,12,13,0.9443968665296688,8,9,13,18,0.5453255772336527,8,11,13,14,-0.5124241017128202,1,4,7,9,0.5152086342662556,9,13,20,23,0.8751789329044062,20,26,29,37,0.624881612518924,11,24,30,31,0.3343091368896151,16,19,20,28,0.4319851809027701,20,11,8,9,-0.991983174540422
157,157,157,157,8,31,37,39,-0.4793874709721151,1,9,17,42,0.8779504095985472,9,25,29,31,0.7550278963428708,1,4,11,16,-0.5937228483077619,2,4,13,16,0.5668483865617286,1,14,17,28,0.4360161637680065,1,17,18,19,0.8493669400888141,5,8,11,16,-0.533065316956572,1,7,11,16,0.5074495064253406,7,9,16,20,0.8876494304014216,20,11,8,9,-0.9930797123068869
158,158,158,158,10,15,29,43,0.9186869708759492,25,27,28,31,-0.7614018885848166,17,20,36,37,0.5926420298965239,7,9,11,30,0.156020092410327,11,16,23,24,0.661879024709539,1,7,8,14,0.5131911044304795,1,7,8,16,0.5112162348669024,14,21,24,26,0.8930552331933508,8,9,16,17,0.3596769753039481,8,9,16,20,0.2006631586139478,20,11,8,9,-1.0056739132308032
159,159,159,159,9,12,18,19,0.8395202653387219,19,21,23,24,0.8927728177228422,20,27,35,39,-0.92173015210384,9,23,25,28,0.2513301134355801,7,8,9,25,0.0713576556148856,8,14,32,39,-1.2177700676954064,8,9,10,11,-0.6241815751577193,3,5,8,9,-0.4167537961580703,1,7,17,33,0.9874532908954056,1,11,16,23,0.5459238507918256,20,11,8,9,-1.0062525110701848
160,160,160,160,11,12,26,41,0.3487953564936605,19,23,34,46,0.965668662061611,1,7,24,25,0.7621432203954186,9,10,14,16,0.7671940059566056,5,7,16,17,0.8962737057813885,1,9,13,14,0.9124175825597473,8,9,14,21,0.1364240210327645,2,9,11,14,0.5425771498653226,23,37,49,50,0.7191036645447519,5,8,11,14,-0.5258530933918626,20,11,8,9,-0.9898711953158315
161,161,161,161,10,24,25,26,0.7658019988273819,1,8,9,23,0.5558530511413331,5,8,13,14,0.5870272548279162,18,25,27,29,0.2208056790857715,1,8,9,14,0.4858485096045202,8,20,26,29,0.3729818974310962,9,16,24,25,0.7731859922862037,1,11,14,17,0.2536640599536155,1,7,14,17,0.891606482335921,8,11,23,36,-0.2512459497284571,20,11,8,9,-1.0025408699334069
162,162,162,162,9,22,34,43,0.8819672175922441,8,13,25,26,0.239524126472,3,11,13,17,-0.4806625035068435,1,8,9,14,0.4926989519268318,9,29,36,47,0.7094582164187279,9,23,25,26,0.7353619602890511,1,23,48,53,0.176675040564449,1,5,11,16,0.5172928788633621,4,16,20,24,0.346117757353402,8,16,18,35,-0.1253931882972927,20,11,8,9,-0.9890894160468644
163,163,163,163,14,15,17,26,0.6557254739811689,2,7,8,21,0.2477507030984429,1,8,16,17,0.273403064031968,1,7,18,19,0.9854442975126833,5,9,14,16,0.9446015294244552,1,5,8,9,0.511396368106678,1,8,10,11,-0.5291174501163074,9,17,25,26,0.7754727335069558,20,24,42,45,0.3628163811255517,5,9,20,26,0.8052244313650699,20,11,8,9,-1.0054541824618881
164,164,164,164,1,3,5,7,0.4321179135463379,3,15,27,35,-0.9728142801570812,11,16,24,30,0.2206302553468009,7,10,23,25,0.7024840021758663,1,5,8,9,0.512223166082184,8,9,10,16,0.4005838410117798,8,9,14,17,0.3648897238927019,1,30,37,42,0.0608447539461765,9,16,28,33,0.675918517176393,1,9,11,14,0.4736159077398187,20,11,8,9,-1.0015449593770573
165,165,165,165,7,10,26,31,0.919931172868887,9,11,30,32,-1.0455374556383146,7,14,23,33,0.9798612746733626,9,10,17,22,0.7973704732820284,7,8,10,11,-0.463328159600656,5,48,9,8,-0.4492943106795406,1,9,14,16,0.8424293282235612,1,7,8,11,-0.5151537325847366,9,12,14,16,0.6669251282271552,8,9,11,14,-0.5463907336297831,20,11,8,9,-0.9982290997306991
166,166,166,166,12,32,56,34,0.6041460406826584,7,8,9,11,-0.4593428224832245,10,16,19,24,0.8797342164352786,1,5,11,17,0.5008290761958079,15,19,45,46,0.8655030586641621,8,11,20,34,-0.9450199778169766,1,8,11,16,-0.6397851678177464,7,8,9,11,-0.4593428224832245,1,5,7,9,0.8032940296801696,11,16,20,23,0.2610392168989131,20,11,8,9,-1.0009337675569712
167,167,167,167,20,25,27,34,-0.2267681962399503,17,30,32,40,-0.5263634656420164,14,16,18,22,0.5194385383988998,12,16,19,23,0.9195734828533518,9,16,21,23,0.8433817108469671,4,13,20,23,0.4280700978699241,5,7,20,28,0.2719244768067064,9,11,14,17,0.3538363838389536,1,11,15,16,0.2750713780171046,1,7,9,11,0.5011136340187741,20,11,8,9,-0.9913428728545715
168,168,168,168,4,9,17,21,0.1357706147938802,1,4,11,17,-0.6232998572124815,2,4,5,26,0.6585741195215105,19,22,32,47,0.3332320110061652,3,9,26,30,0.2334956102601955,5,9,16,23,0.970213979047668,1,11,16,20,0.1228820325342698,7,17,20,26,0.8787415016196154,9,11,13,14,0.5345586078027726,10,16,20,30,0.5633716652352285,20,11,8,9,-1.0061223347968031
169,169,169,169,13,17,20,29,0.8943036246911559,14,22,24,33,0.950964373224924,1,11,16,17,0.2486606393278296,5,23,29,32,0.5820228614361149,1,7,8,16,0.5107053632155263,1,8,14,20,0.143679962866311,7,10,26,30,0.7592639019688419,10,14,20,27,0.3384359309832068,1,8,11,16,-0.6460938242749159,1,11,17,20,0.1145212707619187,20,11,8,9,-1.0065885949386733
170,170,170,170,5,8,12,16,0.4133147192183994,6,18,25,45,0.3039710231254281,3,7,20,36,0.3204686621073054,7,9,20,25,0.4728188843626928,2,18,23,24,0.9742937860654608,5,9,11,17,0.5602117659825047,1,5,14,16,0.8978981920558335,9,16,17,18,0.6351950441949641,5,11,17,20,0.1980235302768022,7,8,9,16,0.5703118286369371,20,11,8,9,-1.0018470788388014
171,171,171,171,5,7,10,13,0.8627170315919881,4,16,19,28,-0.1728790021760591,1,9,12,17,0.8441360328468259,8,11,19,23,-0.223397358137757,12,16,17,20,0.4554751703678757,20,23,28,29,0.4815716921917565,5,14,25,26,0.771637873053742,13,20,23,25,0.5836175548088607,9,29,45,49,0.7402966897045047,7,9,10,16,0.8663548052422319,20,11,8,9,-1.0008335726886735
172,172,172,172,5,16,28,29,0.689215572615804,8,17,19,20,0.2854439258362109,5,7,9,13,0.8637712933477455,9,16,26,28,0.6961310637701816,14,23,27,34,0.687510373399536,3,5,17,25,0.0513509139414972,7,13,14,17,0.8714933875613325,8,16,17,19,0.4064842124601608,1,10,14,16,0.8417610868980342,1,8,11,24,-0.3149572057048206,20,11,8,9,-1.0015083033468999
173,173,173,173,7,9,11,16,0.5663115979628144,13,14,26,37,0.8429743356073269,7,9,18,21,0.844606984915022,16,17,20,28,0.1492932503242018,6,9,13,16,0.9809569022339546,4,7,14,16,0.435940536185007,7,9,18,21,0.844606984915022,5,25,35,36,0.3950283789211014,20,26,28,31,0.4968803369786029,5,8,9,11,-0.4371082646703415,20,11,8,9,-0.9877099600356829
174,174,174,174,3,9,16,18,0.3862301896633504,8,17,25,30,-0.6847866514980225,25,41,46,61,-0.0184493306033484,1,6,14,17,0.8920232879833221,5,7,9,13,0.8655499362670599,11,28,31,33,-0.0455096597975557,1,2,11,16,0.4921052495182136,11,19,20,24,0.4535573082193925,1,13,16,24,0.9499100738829178,8,26,29,55,0.7049506750741383,20,11,8,9,-1.003432880914234
175,175,175,175,7,15,44,48,0.0699678761561353,1,3,5,10,0.5116303961483741,10,20,24,26,0.8552885628850388,1,7,9,11,0.4997702021331965,9,14,16,47,0.6752076204146159,9,16,20,27,0.3413988654717839,5,9,14,20,0.8896483915050316,1,7,9,14,0.9641736154401108,1,8,20,25,-0.4657143172699443,7,11,17,28,-0.340416984329986,20,11,8,9,-1.0049077370930752
176,176,176,176,3,6,10,11,-0.4387681873273474,5,9,11,13,0.6165968905263093,1,14,16,17,0.5725536841210931,5,11,16,17,0.3646661419802217,8,10,20,29,0.2966484708519047,5,11,19,23,0.631406117892899,1,16,20,26,0.8751752643070727,19,20,30,38,0.66041706256757,9,10,11,24,0.4243136588896382,8,9,11,16,-0.5556285977410067,20,11,8,9,-1.004054894375495
177,177,177,177,2,5,12,19,0.9954949625350402,6,9,18,22,0.9812113857844724,8,10,22,31,0.6189055723221458,11,26,30,37,-0.3722057061689996,5,16,17,33,0.9255589087361809,5,6,16,17,0.8920719170317359,1,7,8,11,-0.5177003174177588,1,8,9,11,-0.5176931326354381,9,19,20,24,0.8028759947803248,5,14,20,23,0.8883168161207232,20,11,8,9,-1.000145125771076
178,178,178,178,5,7,15,32,0.5176627547590515,11,13,14,17,0.2758649122955807,1,2,5,13,0.9792462676461196,13,14,27,37,0.260059682574651,1,7,8,9,0.504779516064856,1,8,9,16,0.4855826846166059,1,8,13,16,0.5120929317182188,1,9,16,17,0.8376704244158655,5,9,16,17,0.941175895577096,8,16,17,20,-0.0400073279840593,20,11,8,9,-1.0001900389536313
179,179,179,179,4,11,12,18,-0.8354954002628205,5,29,39,45,0.3786191207555781,5,13,17,19,0.9932990678647136,1,9,14,17,0.8394980270225473,3,8,15,16,-0.791798121506992,1,5,13,20,0.8801303816786463,5,7,8,11,-0.5745414812099625,1,7,8,15,0.516029362882549,8,14,16,19,0.4211380606227036,9,11,14,17,0.3467455079758705,20,11,8,9,-0.9967846974063614
180,180,180,180,7,10,24,28,0.6851271543546245,2,9,11,13,0.6396038665309792,2,7,9,20,0.8625392650337786,6,8,14,15,0.4209526925929479,1,3,5,7,0.4406824765278697,8,11,22,36,-0.2290674239020236,1,7,9,11,0.503682916248917,5,11,14,17,0.3940304563059728,1,7,20,23,0.8157852421250521,9,10,11,20,0.07341035451716,20,11,8,9,-0.9828646745573315
181,181,181,181,1,13,21,25,0.3577795834690267,7,9,26,28,0.6338850222426744,25,26,27,30,-0.3283990723365648,5,8,11,17,-0.5521194886154226,1,13,14,20,0.8355959009726817,5,7,9,29,0.7476737544655658,1,7,14,16,0.8993518914973052,8,20,24,25,-0.2210792906286103,8,11,16,25,-1.406849205011251,1,7,8,9,0.5049576981700666,20,11,8,9,-0.9981457136511491
182,182,182,182,9,12,29,40,0.8202803315402618,8,13,22,29,0.7441108561359994,11,16,18,20,-0.0442371421345688,9,23,26,30,0.7919179398929171,3,9,17,30,0.1545776534365637,7,8,9,16,0.5807841331344727,5,8,25,28,-0.9613687508731804,8,16,23,24,0.6914356629043071,9,11,16,26,0.592013116388527,8,14,21,26,0.2190934273842189,20,11,8,9,-0.9797788909649603
183,183,183,183,5,12,18,31,0.8596627619536797,16,18,22,23,0.8526451775202577,8,9,25,29,0.1502374365111785,8,9,13,20,0.3222114269704709,9,17,20,30,0.575192744436222,8,9,10,13,0.4340586617920785,4,9,11,28,-1.7351906376823507,1,5,8,14,0.5439152138659351,8,9,11,16,-0.5236607650446496,8,9,16,24,0.6062363009934577,20,11,8,9,-0.9757197245283444
184,184,184,184,7,11,14,27,-0.278876937122297,4,11,17,19,-0.3794015673045792,6,8,9,16,0.5887464440446288,1,5,11,17,0.5272828116263641,7,8,20,25,-0.3821441977396111,1,5,17,20,0.8710081887114879,8,9,11,17,-0.5259666244357764,8,9,11,20,-0.9693296665523572,1,16,17,24,0.8598349297084487,8,18,20,23,0.300453580556245,20,11,8,9,-0.9693296665523572
185,185,185,185,1,10,18,21,0.7633278583398677,1,10,13,17,0.9086381072363195,5,10,11,25,0.0834823038181129,8,10,16,20,0.2130343565232529,2,8,18,33,0.6290612239281914,1,16,17,30,0.6418723804398376,7,9,14,17,0.9459568151630328,24,29,34,41,0.9047938925408556,9,14,20,27,0.3576079896687321,9,20,35,36,0.5149364003831018,20,11,8,9,-0.9800451960133962
186,186,186,186,10,12,14,25,0.6542677492569839,19,30,31,36,0.8363407986405706,7,9,16,17,0.948335408890467,5,8,12,16,0.4573429819755199,1,9,23,33,0.8370961379991866,11,29,36,38,0.6727633629442471,5,20,23,24,0.8700159511015834,8,16,20,24,0.3523873657803837,1,7,14,16,0.9165085014077622,5,9,15,17,0.9473549986912068,20,11,8,9,-0.9630755700617344
187,187,187,187,8,35,37,49,-0.4105640192326909,6,9,16,20,0.8903692690406552,7,8,16,17,0.4120659268859307,1,7,11,15,0.5161760319054953,8,9,10,23,0.4152646265991569,1,7,8,9,0.5074785115610808,8,9,14,17,0.3833177630729635,9,11,13,14,0.5479861103691754,8,9,16,17,0.3803001552208256,1,17,18,20,0.6946230331826859,20,11,8,9,-0.9808404221676952
188,188,188,188,4,5,6,11,-0.5263108580513678,3,8,9,14,-0.4695798813035972,5,7,8,19,0.5299551279233132,7,11,14,18,0.3886700278918102,1,9,10,15,0.7746003439557753,1,7,9,17,0.9610506577201656,8,25,26,28,-0.847386389906565,1,11,23,25,0.1130257557790164,8,9,11,17,-0.538412106296891,5,23,24,28,0.737488753028688,20,11,8,9,-0.9813760526468605
189,189,189,189,7,8,10,12,0.5826381580114096,7,23,24,25,0.7701993709406824,15,26,41,42,0.5453471073185701,6,8,17,21,0.1537745340222756,1,12,16,17,0.6044327535888918,5,9,11,17,0.5710264420032083,8,11,16,17,-0.8592623698060833,8,16,30,31,0.0970811841503502,9,13,17,20,0.8465836171207397,1,7,17,20,0.8631181850213856,20,11,8,9,-0.9806332388577716
190,190,190,190,6,30,38,43,0.539586872717479,9,18,28,39,0.2456243541106851,8,10,20,37,-0.300658421811097,20,22,29,41,0.7745452526616161,8,11,12,22,-0.4813160293777985,1,16,20,26,0.8840827819471102,17,26,28,29,0.7451041353201328,16,26,29,60,0.9577533628516042,8,9,10,11,-0.6145779750872582,1,9,11,17,0.4770785960221604,20,11,8,9,-0.9821688805192617
191,191,191,191,4,16,17,33,0.4525738067001482,8,17,25,27,-1.09534140491508,15,16,20,28,0.1633976697141884,7,30,52,20,0.5825522721355423,8,11,17,26,-0.4460925099498505,16,17,20,25,0.3083427367511578,1,9,20,25,0.4197255820598611,8,9,11,16,-0.5303869422539005,8,14,16,19,0.4377535064274789,1,16,17,20,0.702990287592475,20,11,8,9,-0.9829598176273788
192,192,192,192,2,4,11,28,-1.59555972765593,4,9,14,27,-0.2527355556569743,1,11,14,17,0.2864287483344776,9,16,17,22,0.8179436664884886,3,5,8,11,-2.062261134421407,9,10,11,22,0.4318405907147945,14,19,21,37,0.5185849921600614,11,17,20,24,0.3159735323657645,7,8,9,11,-0.4404635023658971,1,9,14,23,0.9451767614584214,20,11,8,9,-0.9763478336222071
193,193,193,193,1,4,8,28,-1.752829433524299,9,19,33,42,0.8941003912796772,11,20,21,29,-0.161282606681788,3,5,12,16,0.484180329587761,2,7,10,16,0.9767889159060168,9,16,20,27,0.3660410243036583,9,11,16,20,0.2154528895558569,5,9,11,13,0.6234369117742511,1,11,14,27,-0.3468421532913111,1,9,14,24,0.9149703589317166,20,11,8,9,-0.9647581499942586
194,194,194,194,9,17,22,30,0.8036566401193362,7,9,13,47,0.7964019356405594,8,24,26,27,0.0429863699314323,7,8,9,19,0.5503687530211245,16,20,30,31,0.5332802216465222,9,14,28,42,0.5103056020076271,11,14,35,37,-0.5545825074193009,1,5,12,22,0.9833363449008156,7,17,18,29,0.920770144149768,5,7,9,16,0.9389590964152876,20,11,8,9,-0.9767012128565318
195,195,195,195,8,12,17,26,0.4699298352618613,9,10,12,13,0.7803869501651393,8,11,16,24,-0.3488822863882204,7,31,32,44,0.2408459640449402,5,7,20,23,0.699199714723115,9,10,11,26,0.4075747086638903,1,17,27,28,-0.1383932652927575,1,8,11,16,-0.5747699180003436,5,23,24,26,0.8368005848544428,1,5,8,11,-0.4561260122855253,20,11,8,9,-0.9595623349392897
196,196,196,196,3,23,25,33,0.2970380303235606,5,7,14,23,0.8848543911174948,6,31,41,54,0.779680145229678,4,8,33,39,-0.871208318164238,9,36,42,57,0.8343041604940337,9,11,17,27,-0.3011646276783797,8,9,11,20,-0.9717564285466134,5,8,14,17,0.4290633878942774,9,11,16,24,0.5967209718339119,1,7,17,19,0.9873448987388732,20,11,8,9,-0.9717564285466134
197,197,197,197,7,24,30,31,0.8803639473348589,8,9,11,13,-0.3232428159640532,1,4,25,26,0.1513564675288826,5,11,16,17,0.4224442490559844,8,28,34,38,-0.0374162578215031,7,9,13,16,0.977264639130208,1,8,16,20,0.1932196861140637,1,9,13,16,0.9094702676787092,9,16,17,20,0.7615459345322151,1,9,16,29,0.940926304547278,20,11,8,9,-0.956468890726283
198,198,198,198,4,5,7,18,0.530625856853109,1,2,4,30,0.260079970189865,1,7,11,13,0.6207346017357452,5,7,8,20,0.1747669093393467,1,2,5,11,0.6282724618969864,10,16,17,23,0.9066987450546188,1,25,26,42,0.5271847322809661,9,13,14,17,0.8234073911189792,4,11,24,27,-1.450116677410875,1,14,15,16,0.6198547848478797,20,11,8,9,-0.9557765745947648
199,199,199,199,8,9,16,29,0.6057573233218574,9,16,17,30,0.707485700940623,4,7,8,16,-0.4649161802489558,5,8,17,31,0.5713513851036154,4,16,19,26,0.6899200824591648,11,14,17,21,-0.1141630119009498,4,5,8,20,-0.9236265890935946,7,9,20,24,0.8342579297207524,1,8,14,20,0.1763448556827873,9,11,13,14,0.5510940750791424,20,11,8,9,-0.9733112883421349
200,200,200,200,4,16,18,21,-0.0446545854524684,9,36,39,43,0.66384849524998,1,7,8,9,0.5118013765930378,1,8,16,21,0.101317316663996,20,27,28,36,-0.3944149938515324,7,17,19,24,0.988117820353884,9,11,13,14,0.5588843970687204,1,8,14,18,0.328168717104398,5,8,11,19,-0.2821863329223792,8,9,11,14,-0.5014055267869664,20,11,8,9,-0.958707307012419
201,201,201,201,1,5,12,17,0.9119400140520928,5,9,12,20,0.8939354124994915,17,19,39,45,0.4517533002236006,7,11,27,28,-1.4952574155117708,1,9,20,25,0.4228119970923941,8,16,20,23,0.3045393734717898,7,8,9,13,0.6208933520279991,7,8,12,14,0.4414366741404445,5,7,9,16,0.939501690745876,11,24,25,30,-0.3692827254864146,20,11,8,9,-0.9736600545992702
202,202,202,202,1,8,9,13,0.5716024193482726,24,30,31,36,0.8752989088863822,9,10,11,14,0.3970086937580873,2,13,16,20,0.8430892227546233,2,20,23,37,0.6689309375766848,1,5,6,8,0.445914561162317,17,24,25,26,0.834342461308277,1,4,7,9,0.5173761666114507,1,7,11,17,0.5135553962100294,24,25,26,28,0.4026722054616203,20,11,8,9,-0.9773026171733468
203,203,203,203,12,17,18,19,0.6476032184831406,11,12,21,23,0.2136757389354946,1,8,18,27,-0.3599180003716302,5,11,13,18,0.5837257728436476,1,5,7,8,0.4398668414768956,11,20,21,23,-0.1720931430112586,11,13,14,24,0.6323182931240492,1,19,20,21,0.6170111512585272,1,10,11,14,0.4819093902480923,9,11,14,17,0.3635672366325895,20,11,8,9,-0.977139336079258
204,204,204,204,8,26,35,40,-0.3900338337226012,2,7,17,20,0.8985830346229357,7,11,19,24,0.6963861565131164,9,20,23,25,0.5130136958034084,7,11,21,23,0.2067037459717206,1,5,7,17,0.92101493230968,7,8,20,29,0.2891839199773114,7,8,11,13,-0.3252865960301461,3,7,8,17,-0.4691215620299398,1,5,8,11,-0.4745121963657666,20,11,8,9,-0.9739332638490048
205,205,205,205,2,5,8,10,0.6230862266181056,8,26,43,54,0.3186186787712159,10,11,17,26,0.584165764184792,5,8,11,14,-0.509983838033657,9,13,22,28,0.7259235242638274,1,3,7,8,-0.4521804390808193,9,11,14,25,0.0345363217400949,14,19,26,29,0.9861074878884636,1,7,9,18,0.9612963901346386,1,11,16,23,0.5661780735791468,20,11,8,9,-0.9778411268523208
206,206,206,206,29,35,49,62,0.8000583720819474,1,5,14,17,0.9049143583645736,1,7,10,19,0.8193578714720225,1,5,14,44,0.7899179380365265,5,17,21,23,0.8475143141074871,1,18,20,24,0.8891231073403913,1,16,34,36,0.9290460907763812,1,11,12,19,0.5731238772284806,1,9,11,16,0.4835824750228213,1,8,9,11,-0.5013555415420885,20,11,8,9,-0.97913064451405
207,207,207,207,1,7,8,16,0.5343630214040708,7,8,13,16,0.60131417453127,9,13,17,18,0.8109525668106718,2,9,12,14,0.8284175902167387,9,16,20,23,0.8868350453208561,10,13,14,23,0.9515929580458588,9,11,17,25,0.0278835457640349,8,17,25,28,-1.0878088227204148,9,14,24,28,0.7042015928429354,4,8,11,17,-2.2796565566034563,20,11,8,9,-0.9762781691695652
208,208,208,208,1,7,19,23,0.8820034519239601,8,9,13,17,0.5627422857681249,5,15,18,26,0.9309636625597638,15,20,32,33,0.3753586796836967,11,30,32,33,-0.8094842275514158,5,14,16,20,0.8167523906757925,14,19,34,35,0.8150489227557576,8,9,14,24,0.6124367976475797,5,7,9,11,0.4623969820363155,1,9,14,16,0.8509094972612264,20,11,8,9,-0.9633040511955737
209,209,209,209,5,6,11,27,-0.3209263778953675,1,8,18,35,0.0731426726385083,1,12,14,16,0.6278490425415426,1,7,45,48,0.0923081625859854,9,16,21,23,0.8458908794871274,5,17,18,21,0.7507287360896335,16,17,21,23,0.7511527595313714,9,10,19,28,0.3988619131039501,9,10,16,20,0.7122955288694213,16,17,20,27,0.1783946437198829,20,11,8,9,-0.9659355182923233
210,210,210,210,3,9,11,18,-0.4819744158899717,1,5,23,61,0.7338023030551355,1,9,17,19,0.8743811357744635,7,8,9,21,0.1821001532853176,7,12,20,21,0.6195671770051613,1,5,6,7,0.6444605644664512,1,2,8,9,0.5742662971192292,5,11,17,29,0.5995261768919694,8,11,13,16,-0.465318671714231,17,24,26,28,0.7901657286981412,20,11,8,9,-0.9601586294292335
211,211,211,211,8,19,31,34,0.6825115491216347,9,11,13,14,0.5494350873251935,12,13,14,18,0.5428801054848458,16,21,33,35,0.5382902797452336,1,5,9,14,0.9622000455106712,1,9,14,46,0.9291248175615888,8,14,18,26,0.4361544375658881,13,17,25,30,0.3467147987878511,1,8,9,11,-0.5013685507582304,1,9,17,19,0.8795001198828564,20,11,8,9,-0.9788584881288849
212,212,212,212,5,16,21,24,0.8960666941671367,5,13,20,26,0.8879279962426654,7,20,24,26,0.8635490586126184,1,5,29,60,0.8293801821367606,3,7,8,21,-1.0361598401595984,14,19,28,39,0.3524915562783035,8,9,20,23,0.3145677010129479,9,11,13,17,0.5496660427465005,8,16,20,32,-0.9935643425340284,1,7,8,16,0.5449066574286177,20,11,8,9,-0.9644131634850825
213,213,213,213,13,14,16,17,0.5291026749113324,27,44,52,58,0.4365089206426473,7,36,38,45,0.7466044637539773,7,16,18,26,0.9231993766247916,5,18,19,20,0.9243780106286386,17,23,39,47,0.4224719995198882,1,20,24,26,0.9117902107136628,5,14,16,20,0.8046981065370404,1,11,25,26,0.1126053384179096,7,8,14,17,0.4151493965788128,20,11,8,9,-0.9799633469912581
214,214,214,214,17,23,28,34,0.6974027004502109,16,17,23,26,0.9180501400155036,5,9,16,17,0.9450852487733552,7,11,21,22,0.2610490256052302,8,11,14,16,-0.8384489004772406,8,9,18,32,-0.4532157005599131,1,2,7,9,0.910413785100585,7,8,9,11,-0.4408158348607813,9,17,19,24,0.8741717428428498,7,9,11,14,0.5728282060751013,20,11,8,9,-0.9772235936432627
215,215,215,215,1,7,15,17,0.9091872541588474,3,7,9,10,0.392736768714829,14,22,26,28,0.7454975990872242,8,17,20,37,-0.3540382624189251,1,8,9,11,-0.4889782278271515,8,9,16,17,0.3929957462127376,11,17,19,20,0.3013935983462509,8,13,16,19,0.6389816259402217,8,9,17,20,0.2243584709562096,1,7,11,20,0.2239199993041629,20,11,8,9,-0.9631744265655471
216,216,216,216,3,5,11,14,-0.4747179969124242,9,11,15,32,-0.466764122707189,17,31,56,57,0.884076086859239,7,33,35,37,0.5124729722402854,5,9,11,12,0.5826572273434565,9,20,34,35,0.5710294781856824,5,11,13,17,0.5844905958301094,9,11,25,26,0.1425333767426019,1,9,17,19,0.8802432644138797,14,16,17,20,0.4658074971870792,20,11,8,9,-0.9790796102038217
217,217,217,217,7,9,18,20,0.8879419347682117,2,6,15,20,0.9015685398874912,8,11,17,22,-0.5018770175003606,5,9,14,17,0.94692416877248,11,16,17,24,0.412050726321137,7,16,17,18,0.7078751955908608,7,9,11,16,0.5717340810437855,7,11,14,16,0.4048307022989257,8,11,17,26,-0.4388373470243794,7,8,9,16,0.5823375752583292,20,11,8,9,-0.976501191356661
218,218,218,218,8,24,43,51,0.4997981410173489,9,11,19,23,0.5862657844236963,1,8,27,29,-0.1510181349045694,6,11,13,14,0.594479004651637,8,17,20,23,0.2983000433096516,9,10,12,16,0.7684678642561407,1,5,8,13,0.6254226422521679,16,25,28,39,-0.5097353986317643,8,11,16,20,-1.111940349532759,9,11,16,17,0.3633963879469367,20,11,8,9,-0.9741427995307281
219,219,219,219,4,11,12,20,-1.0624827137344202,9,14,20,23,0.8870608752813337,10,14,17,29,0.9057518571853642,4,6,9,11,-0.410702842259075,7,14,16,17,0.7223961538861642,1,17,27,35,0.2084792603398353,14,21,29,31,0.8264307302567304,9,11,14,17,0.3653119694967013,5,18,25,26,0.7796497211548503,1,7,8,11,-0.4891028065732092,20,11,8,9,-0.9757212521242189
220,220,220,220,11,22,25,30,-0.4652089840452018,3,7,9,16,0.5959081429558215,7,11,13,18,0.5806141092868352,3,9,16,29,0.6186312819069456,9,26,28,53,0.3250991266470752,16,17,30,34,0.5803529168653503,16,20,33,39,0.6306872402111873,1,16,18,21,0.6454653512855306,9,21,26,27,0.3508641887971105,7,8,9,11,-0.4387236650314623,20,11,8,9,-0.9742910775583602
221,221,221,221,4,13,16,18,0.3683392204376227,9,16,18,21,0.7131065052497184,9,10,17,20,0.7105716503972674,11,12,14,29,0.4582046371803765,7,9,14,17,0.9501350983986688,8,11,20,22,-0.8237295286176569,8,9,16,17,0.3972720551544675,8,11,14,26,-0.399205015231306,7,8,9,19,0.5505243768287476,8,12,16,20,0.043523442902106,20,11,8,9,-0.9586805575208714
222,222,222,222,1,11,25,27,-1.0136871075130696,2,8,11,16,-0.465716547643642,5,6,10,29,0.7326176733470233,3,8,10,13,-0.2949201352783674,6,8,20,28,-0.7032949599909022,20,21,28,30,-0.7830514121675249,5,8,12,23,0.624609343071183,1,5,9,13,0.9045713018685784,16,17,20,26,0.8031287795305269,1,7,8,11,-0.4701710889640291,20,11,8,9,-0.9591398424193356
223,223,223,223,2,4,9,10,0.4423270685173864,1,33,34,45,0.8222406979315555,1,3,7,14,0.563349246604585,8,13,18,22,0.569938600836291,7,17,24,31,0.9827697801275228,8,11,12,29,-0.3917535812946646,9,11,14,17,0.3780259823086669,8,10,16,23,0.6072199210947127,8,11,17,19,-0.3983469613786514,8,9,16,24,0.6117568885685927,20,11,8,9,-0.9615134790854278
224,224,224,224,9,20,27,33,0.4280529393998314,16,27,31,38,0.7005932672913329,3,5,6,8,-0.5040886664048538,1,7,9,11,0.5053333145342561,5,8,9,13,0.6268031085206294,7,10,23,25,0.698690893082659,2,16,20,25,0.4861881495342081,8,11,14,16,-0.8327417712095337,17,19,20,23,0.93171483260788,1,8,9,17,0.4929470004769594,20,11,8,9,-0.9753351863594562
225,225,225,225,7,11,13,21,0.2796220540380841,5,10,19,20,0.7790697897981825,1,9,13,16,0.909732319160474,8,9,11,16,-0.4997671710611895,6,8,14,23,0.6195710411814179,1,7,16,19,0.9882836789117077,16,23,33,38,0.979680348762538,1,8,11,14,-0.5665957756798807,8,9,14,16,0.4101843714210998,8,16,23,25,0.1448493926734008,20,11,8,9,-0.9534282392110227
226,226,226,226,6,14,32,34,0.6207365058721916,1,9,30,33,0.7453296184019538,1,8,26,28,-0.1347309473212739,3,6,8,14,-0.4239641554035531,1,14,15,17,0.6104775436169689,7,11,16,26,0.5995746736978375,9,11,14,19,0.5514595338944885,1,4,5,7,0.4567648375175246,7,9,11,13,0.6203778906204975,5,11,14,16,0.4324440898272589,20,11,8,9,-0.955617421304253
227,227,227,227,6,21,27,28,-0.6102796971473718,5,14,16,19,0.9521461442712612,23,28,52,61,0.3794470532401994,11,20,21,28,-1.461001706747548,2,20,26,30,0.697521798794373,5,16,19,24,0.9887751010663198,1,7,11,12,0.546980618852966,17,23,24,26,0.986013628784207,5,7,13,19,0.873541045467997,1,4,8,20,-0.944024323211098,20,11,8,9,-0.9525396698830049
228,228,228,228,6,7,9,14,0.9366227703856504,5,14,16,27,0.5674275129644886,7,9,11,16,0.5728424583376435,7,8,9,11,-0.4392643227052979,12,14,17,26,0.6939234939724281,2,11,16,24,0.6333711657523499,7,9,11,16,0.5728424583376435,8,14,16,23,0.4512062310977602,14,16,20,28,0.1774355979649758,1,17,24,26,0.9893305499756132,20,11,8,9,-0.9741574871315215
229,229,229,229,16,25,45,47,-0.4178891634485553,7,8,9,16,0.5852798179112687,5,7,13,17,0.943441616159262,1,8,16,17,0.3116426954561748,8,23,24,38,0.7259850928776096,9,14,21,26,0.8465205052551921,8,17,19,20,0.3110054842250953,9,23,27,31,0.73217151985836,5,11,20,23,0.295389996260809,1,8,15,20,0.1746310441425393,20,11,8,9,-0.969815071329575
230,230,230,230,4,9,16,33,0.6006436512973437,9,10,18,26,0.818868199058203,9,23,25,28,0.2643955609279498,7,8,9,17,0.5801889292259986,17,18,21,25,0.169419709876077,4,5,7,8,-0.511789227521684,8,10,11,17,-0.5358833615708734,16,21,25,33,0.4377788160880425,1,7,8,9,0.5103957445839353,1,5,14,26,0.9707607307520556,20,11,8,9,-0.971926699368659
231,231,231,231,13,16,26,36,0.9728652321683212,11,24,29,34,0.7597992279116015,7,11,18,25,0.038836860965807,26,28,34,45,0.3807987298698135,8,28,34,39,-0.8127348201060436,7,14,16,23,0.9315222357385716,8,9,11,16,-0.5173756204227218,14,19,20,23,0.9353410325206892,1,7,8,9,0.5129841552486609,5,9,17,20,0.8929028491272516,20,11,8,9,-0.9678710636145491
232,232,232,232,10,21,22,35,0.49678997042937,7,12,16,30,0.7641226141701254,1,5,7,24,0.8369979299675603,1,11,23,25,0.12379455092214,1,2,20,25,0.511885092857011,1,11,14,16,0.3022868405433396,7,8,15,17,0.4198055255367368,9,11,14,25,0.0435533983497474,8,9,11,14,-0.5120075472419847,5,8,9,26,0.5636466609844311,20,11,8,9,-0.9665799344493191
233,233,233,233,4,9,11,19,-0.3431381395082682,9,17,22,27,0.6652455256358999,7,8,10,17,0.5796693972996237,1,5,13,21,0.8339057150874244,28,35,47,52,-0.2378548639224409,23,30,32,39,-0.3062095017866262,1,8,9,10,0.328533180878179,5,8,9,11,-0.4189581367470494,1,11,16,18,0.2871221666976594,1,7,20,26,0.8169893830845885,20,11,8,9,-0.96492171860449
234,234,234,234,20,21,35,36,0.1858410503959703,2,8,9,17,0.5697546609349402,2,3,11,16,-0.4128244003524373,3,10,12,26,0.6300374066751311,2,5,16,20,0.9142468856222324,13,14,25,28,0.2272658653689412,8,9,11,16,-0.4933960928794962,11,17,21,28,-0.9351770665683836,1,5,10,16,0.9582796508164424,1,10,11,14,0.4963009128024572,20,11,8,9,-0.9468029152376551
235,235,235,235,2,5,19,25,0.8203618886646209,5,9,27,31,0.7091879180585641,14,20,22,24,0.908477208352734,7,8,11,19,-0.2995134996400326,9,11,16,19,0.5485265039905481,7,8,9,14,0.5900571722566375,11,15,23,49,0.6361496384517791,26,31,52,53,0.8555516117718924,1,16,23,24,0.9909141614708789,7,8,11,17,-0.5138810424309177,20,11,8,9,-0.9623788464989464
236,236,236,236,6,7,8,9,0.4627481593730734,5,28,40,48,-0.8858466153620608,9,10,17,26,0.8126432341474472,1,7,9,24,0.8584097206446581,8,14,26,41,0.3909416409570133,1,16,23,24,0.9909403662216352,1,9,10,16,0.7683680566098647,1,17,20,21,0.5458118298725049,1,8,11,16,-0.5785046582506059,1,8,9,14,0.50732567152247,20,11,8,9,-0.9580031478748836
237,237,237,237,23,25,47,59,-0.3009479254859333,13,15,18,21,0.6645680010435846,16,21,60,31,0.8352453543802085,8,20,27,39,-1.4719265884784811,5,8,18,23,0.6237899802410605,20,21,29,36,0.6664040164058618,1,3,7,8,-0.4118930546729116,3,8,9,14,-0.4279944868436018,8,9,11,23,-0.319991262160737,1,8,16,17,0.3466059125247137,20,11,8,9,-0.9409050613562258
238,238,238,238,3,6,23,27,-0.1379221878341452,2,7,9,12,0.9784222361047455,1,7,13,14,0.983119141130272,2,6,7,9,0.8471627882907228,9,25,44,55,0.3017745059660219,7,8,16,17,0.4345114290186176,1,6,7,11,0.4383316204320424,7,11,26,46,0.6320750559370365,7,8,9,20,0.2558208925271614,3,5,8,9,-0.3797838161993745,20,11,8,9,-0.9566533693147514
239,239,239,239,1,4,8,9,-0.4298616321336679,3,7,16,24,0.6918038788483899,1,8,34,50,0.6683831307406363,1,19,23,31,0.9618818319979664,3,8,9,25,-1.1196474094811908,8,11,14,16,-0.7653356997084622,7,8,14,27,-0.2168340678331051,1,4,11,14,-0.511269941223168,7,14,16,24,0.9448197386812336,1,8,9,16,0.5158739981605849,20,11,8,9,-0.9357193740863301
