,Unnamed: 0.1,Unnamed: 0,a-a0,a-a1,a-a2,a-a3,a-r,b-a0,b-a1,b-a2,b-a3,b-r,c-a0,c-a1,c-a2,c-a3,c-r,top-a0,top-a1,top-a2,top-a3,top-r,d-a0,d-a1,d-a2,d-a3,d-r,e-a0,e-a1,e-a2,e-a3,e-r,f-a0,f-a1,f-a2,f-a3,f-r,g-a0,g-a1,g-a2,g-a3,g-r,h-a0,h-a1,h-a2,h-a3,h-r,i-a0,i-a1,i-a2,i-a3,i-r,j-a0,j-a1,j-a2,j-a3,j-r
0,0,0,10,13,2,3,0.690572972231439,6,14,10,16,0.8436098091766598,7,15,12,16,-0.3429603585581788,3,6,10,11,0.9799979710751896,7,10,14,16,0.9040204451798056,6,10,16,1,0.6408557027741868,3,11,13,10,0.886800658517947,10,14,16,11,0.9107786555559795,6,13,3,11,0.9565159472217497,14,13,6,11,0.9725269179164479,6,10,11,13,0.8868289965489999
1,1,1,6,9,16,14,0.2994250622729478,7,6,5,1,0.3127031671565257,3,7,10,11,0.9155618259996872,3,6,10,11,0.977864491291758,4,11,13,14,0.7860912860019875,13,11,5,3,0.8274735191696557,11,16,8,14,0.43801088416368805,6,10,11,7,0.9156103616946654,3,13,16,6,0.9646952389823804,3,9,11,14,0.6255232708871792,3,14,10,11,0.9857735767221314
2,2,2,15,7,6,11,0.7258983351529773,5,11,1,2,-0.8559708259154437,1,3,11,13,0.6708045695336835,3,6,10,11,0.9785900742335916,10,11,14,8,0.6591758506950411,7,10,11,14,0.9548540007990586,5,6,10,11,0.8717875677658484,3,14,16,11,0.8493090204613751,3,7,10,11,0.9168793636801194,3,7,16,10,0.976492485410468,6,11,14,16,0.8482868063425902
3,3,3,3,2,16,9,-0.3976644413074064,16,5,7,1,0.1859414136196435,3,13,16,10,0.9733552614608662,3,6,10,11,0.9786199062573177,10,4,11,14,0.8177410060398517,6,10,14,16,0.8478363534235434,6,7,14,10,0.9772465752120489,6,10,11,14,0.9846120720692594,6,13,16,11,0.9732215620001915,3,4,6,10,0.8416568688426764,6,7,16,11,0.9762568308796282
4,4,4,1,9,13,14,-0.4976638856947331,11,3,5,6,0.8832714866617671,10,11,13,4,0.6966979489863353,3,6,10,11,0.980808737872186,10,5,6,7,0.8467872011864963,3,6,10,16,0.9466852853125988,3,4,6,2,0.27416552089706436,6,10,11,13,0.888405145101753,5,6,10,11,0.870322616451576,3,10,11,16,0.9817621885895806,6,7,10,11,0.9206150808466974
5,5,5,1,4,5,14,-0.6595315677291409,10,15,6,12,-0.1248387504927643,3,5,6,7,0.8705608795372072,3,6,10,11,0.979117619581008,1,2,3,4,-0.9389622894084835,3,6,13,10,0.9560324307188546,7,9,16,1,-0.4246233784214972,10,11,13,14,0.9352343814870921,6,7,11,10,0.917992107034606,3,6,10,11,0.9791176195810081,3,5,10,11,0.872945756940849
6,6,6,1,4,8,14,-1.3107314196995523,3,5,10,12,0.3417499880198198,11,16,15,14,0.4554773042548381,3,6,10,11,0.9809652182380768,3,13,7,11,0.873596624730647,3,11,16,13,0.9704973081489551,6,7,10,13,0.8729051186979758,3,5,6,7,0.8675420811906618,11,10,7,16,0.9534941381719619,3,7,10,14,0.9755978723074249,6,13,14,11,0.9713458599221158
7,7,7,13,14,1,11,0.6010478453224901,6,7,9,11,0.70295483144653,3,6,11,13,0.9571349458427828,3,6,10,11,0.9811075219775705,3,13,14,16,0.8648116231088585,6,13,14,7,0.9630947196717479,5,6,11,16,0.8306592117477815,3,6,10,11,0.9811075219775705,3,6,11,13,0.9571349458427828,3,11,14,16,0.8401234350352516,3,7,14,16,0.8406937761389837
8,8,8,3,15,2,9,-1.770600904514517,3,10,11,12,0.7519600589418327,6,10,11,13,0.8863679915606208,3,6,10,11,0.9794483659766944,3,15,10,14,0.6565983128784313,3,16,13,11,0.9726418809273498,6,7,11,13,0.8713340143033927,3,7,11,13,0.8712945776025648,3,6,10,11,0.9794483659766944,6,11,3,5,0.8848164944392441,6,11,14,16,0.8456050955416405
9,9,9,3,13,14,8,0.5934295810715837,6,7,13,16,0.9622503738998536,7,10,12,13,0.558908441360292,3,6,10,11,0.9808921809076026,10,11,6,16,0.9811969046789204,3,7,13,6,0.9487863534827766,3,5,7,10,0.846967310339597,11,14,6,3,0.9488500775904218,3,6,7,10,0.9728024391692844,3,6,14,16,0.7245170875307454,3,6,7,11,0.9731550915162738
10,10,10,1,6,12,2,-1.6829232338568731,1,10,11,6,0.7396725986546111,6,9,11,14,0.6183498658410487,3,6,10,11,0.978944711479963,3,10,11,13,0.8856221848507769,10,11,13,14,0.9348520759642914,3,4,10,11,0.8293625894229174,6,7,10,11,0.9173364400382753,3,13,16,5,0.8306414636463502,10,11,13,6,0.885664598276164,3,6,7,13,0.9476112553748727
11,11,11,9,11,13,7,0.5356783135980933,11,14,12,15,-0.3255606550383836,7,10,14,16,0.9009592484781532,3,6,10,11,0.9809102401032556,3,11,14,10,0.9831380917907875,7,10,11,13,0.7480852735596409,7,10,11,13,0.7480852735596409,3,11,16,6,0.9467427198337234,7,10,11,14,0.954085957280239,6,7,10,11,0.9204970341148632,3,10,16,6,0.9467473902266625
12,12,12,13,9,11,10,0.561487114825397,3,11,8,14,0.627281824227971,3,6,14,7,0.9491563647497828,3,6,10,11,0.980647532139682,6,7,11,15,0.7198957806610511,6,7,16,4,0.770015655027813,10,11,13,3,0.887774197994502,3,11,10,16,0.9819451932586626,3,6,10,11,0.9806475321396819,7,14,5,13,0.7985434742413531,3,10,6,14,0.9492511663449271
13,13,13,13,3,10,15,0.6632897133165636,7,10,16,6,0.9738659387895214,3,9,16,11,0.6027770521929088,3,6,10,11,0.980706013321244,5,6,10,11,0.8700127435039433,3,6,10,13,0.9565799002044911,5,6,7,10,0.8464492964946176,3,7,10,14,0.975837418627902,6,10,13,14,0.9710688740934301,3,10,7,13,0.8720148718522667,3,6,10,13,0.9565799002044911
14,14,14,10,11,16,14,0.907098203572353,7,10,13,8,0.5451321234846502,4,6,8,10,0.2536405372401875,3,6,10,11,0.9809522155061412,3,6,8,10,0.7438270415823761,5,6,7,11,0.8484660953890627,14,7,16,6,0.8394481469813199,3,6,10,11,0.9809522155061413,3,11,13,14,0.9717356630133636,3,7,11,13,0.8737853617489347,3,7,11,13,0.8737853617489347
15,15,15,5,10,14,8,0.189748773835603,5,16,11,14,0.7161247070531906,3,10,16,11,0.9834367859379366,3,6,10,11,0.9791523800471328,6,7,10,11,0.9174554573544323,3,11,13,10,0.8853325391201565,3,7,11,16,0.9763114910962228,7,10,11,13,0.7442626107903343,3,7,10,11,0.9174233325491824,7,11,13,14,0.9196897402303055,6,10,11,16,0.9829421647223022
16,16,16,16,15,7,6,0.6344387241002181,3,4,9,10,0.2406340794615018,10,16,3,1,0.6381816702321448,3,6,10,11,0.9807209737856676,16,9,3,6,0.5257916687512919,3,4,13,10,0.78073594881022,7,11,13,16,0.9182070152100524,3,6,7,10,0.9726458593441474,3,11,5,16,0.83385867270793,3,7,10,11,0.9202421669287614,3,10,6,7,0.9726458593441474
17,17,17,2,13,14,16,0.4626485755395461,1,3,14,7,0.6339343176000974,1,3,13,14,0.6097190210805921,3,6,10,11,0.9809817820392464,6,10,13,14,0.9707664947041229,3,6,14,16,0.723488896802769,6,11,16,14,0.8390833220528875,3,6,7,10,0.9729268752381572,6,7,10,11,0.92087310282394,3,6,11,13,0.9572688519678562,3,7,13,14,0.9639167906001608
18,18,18,1,7,3,10,0.7182379235805256,3,11,14,2,0.6726753637528098,6,10,14,7,0.9751263363507282,3,6,10,11,0.9808939917335504,3,6,14,11,0.948650104064551,10,3,6,8,0.7429701708289826,3,6,10,11,0.9808939917335504,6,11,13,10,0.88827169037402,4,6,5,3,0.40258424296143236,6,10,11,16,0.9810852685986197,3,10,11,16,0.9816035523421878
19,19,19,6,16,5,8,0.1242559766088843,3,13,16,11,0.9727903136414344,3,12,9,10,-0.1695272928377382,3,6,10,11,0.9792199171045772,7,14,3,13,0.9663032532662744,10,14,16,13,0.914981662959701,3,9,10,11,0.7268131609153505,3,10,11,14,0.9848005686052279,10,14,16,3,0.8475027501034138,3,6,10,11,0.9792199171045773,11,3,15,6,0.7574483259944691
20,20,20,7,8,11,16,0.6355427899988674,6,7,12,11,0.7358550457074442,3,6,11,16,0.9496348575814574,3,6,10,11,0.9791564349002934,3,7,14,16,0.8481142950858546,7,13,3,10,0.8704063161941447,4,11,13,3,0.7841301257237965,10,13,14,11,0.9349357236371639,3,6,7,16,0.9495832716808712,3,5,6,10,0.884850828300218,3,6,7,10,0.9711100475560072
21,21,21,13,12,16,3,0.6265714274544301,13,11,3,12,0.6802062406568624,11,16,13,1,0.6057726716608525,3,6,10,11,0.979307706970126,4,10,11,13,0.6952667374068439,3,7,11,13,0.8705160862981566,6,16,14,11,0.8465441857073962,3,6,7,14,0.951752491808062,6,10,11,3,0.9793077069701259,3,6,11,13,0.9559291177825525,6,7,11,14,0.977185997385247
22,22,22,1,3,10,14,0.6506013345337283,10,13,4,1,0.1381650929802531,10,14,16,1,0.455573102033457,3,6,10,11,0.9793770449083024,14,11,13,2,0.6412751927962143,3,6,7,10,0.9712743162893759,3,11,14,6,0.9516611573179131,3,7,10,11,0.9178320461668134,10,11,16,3,0.9833807465423131,3,7,10,13,0.870094004085199,3,7,10,14,0.9772705740737834
23,23,23,13,2,5,7,0.1923362832263765,3,1,11,10,0.7329452147650661,6,7,11,14,0.9752352793028256,3,6,10,11,0.9812092326409336,6,10,11,14,0.9824024795914453,11,6,9,10,0.7185327054408395,16,7,6,11,0.973744690525684,3,11,9,10,0.719413113464251,11,13,14,16,0.9082832279260022,3,6,10,11,0.9812092326409335,6,7,13,14,0.9629539216350905
24,24,24,3,10,15,14,0.6444294020900209,2,10,5,11,0.3218210957339851,3,6,11,15,0.7491376397342533,3,6,10,11,0.9814533296131714,4,6,9,10,0.23262609182279415,11,16,13,14,0.9073615331058986,3,6,7,16,0.9456183124139834,3,10,6,7,0.973332493881251,3,6,10,13,0.9570422849722781,6,7,11,14,0.974927257263527,3,5,6,10,0.8808637583977075
25,25,25,4,8,15,11,-1.0409640354698362,10,16,9,13,0.5632767303041828,2,3,13,14,0.6365411249137534,3,6,10,11,0.9816771177952448,6,10,16,8,0.6130320504450154,10,11,16,3,0.9808089110023367,3,16,10,14,0.8375034710491778,6,11,13,16,0.9690820500566709,3,4,6,7,0.819566572579146,3,6,13,16,0.9570818416784383,7,16,10,3,0.9733659054930732
26,26,26,2,5,7,11,0.2910207118501998,3,5,8,15,-0.9631045693817546,7,10,13,14,0.9185470601157066,3,6,10,11,0.9814231600833242,3,6,10,11,0.9814231600833242,6,10,11,7,0.9215737237448411,7,10,11,14,0.9542519898176492,3,6,7,10,0.9733289339295641,3,6,7,10,0.9733289339295641,3,6,7,10,0.9733289339295641,3,14,10,6,0.9478830948571116
27,27,27,3,11,14,6,0.9475471404825608,3,7,12,4,0.2480840614267614,6,7,14,12,0.6402806245304636,3,6,10,11,0.9816318797904406,3,13,12,7,0.6563574160451265,3,10,11,13,0.889530550127415,3,6,11,13,0.9579131931562734,3,7,10,13,0.8737445512355732,6,11,13,16,0.9693234307610765,11,13,10,1,0.5679357344216376,3,7,11,16,0.9739071110508426
28,28,28,13,14,16,5,0.7154980363816944,14,6,13,3,0.9635285024610092,6,13,14,16,0.8703147372292281,3,6,10,11,0.979856225593174,3,11,13,6,0.9563883312965977,6,7,13,14,0.9652154170887706,3,10,11,16,0.98320876083058,3,4,14,11,0.7922710553599237,7,10,11,3,0.9184137690092684,14,13,15,7,0.5940323958873365,3,10,11,13,0.8863508710743275
29,29,29,10,13,7,2,0.5676900396845905,11,7,5,8,0.2467819020127994,3,11,5,2,0.3540126444431075,3,6,10,11,0.9811677003971976,11,10,7,5,0.7748081566492455,10,11,3,13,0.8880214860433835,10,13,14,9,0.5691234757343095,9,16,7,3,0.5889838879524617,11,13,3,14,0.9715964215046877,3,7,10,13,0.8721578953879682,3,6,11,13,0.9571485132157566
30,30,30,12,7,6,11,0.7289011323774458,8,9,16,4,-1.4069216025155882,6,13,15,16,0.6074699336809278,3,6,10,11,0.9810170677324228,11,16,6,1,0.6348153761630175,6,11,13,14,0.9715088762357722,3,7,10,11,0.9205976687785125,1,6,10,11,0.7326931961333724,5,6,10,13,0.8215060203193921,3,13,11,2,0.6876083057468505,3,6,7,11,0.9732297751557316
31,31,31,13,16,15,6,0.6069647495496635,6,10,13,8,0.6551742208867786,11,13,7,3,0.8732711001804189,3,6,10,11,0.9810918688008438,3,4,7,10,0.8012382100256191,1,7,10,11,0.6422813587369243,3,6,7,10,0.972943254162082,3,10,13,14,0.9716466197128564,10,11,13,7,0.74859782067079,3,5,6,11,0.8814746165031939,6,10,11,13,0.8883954787621294
32,32,32,9,10,15,5,-0.9827075364229292,2,6,10,14,0.6695176458809262,2,3,6,13,0.7279028351765803,3,6,10,11,0.980980456406401,6,11,9,16,0.5993105470489097,3,6,11,13,0.9574063048736556,3,4,10,16,0.7853394815248552,3,7,10,11,0.9206591074526403,6,7,14,5,0.8189682276874086,3,7,10,16,0.9743962010630297,3,6,7,11,0.9732143799530575
33,33,33,6,8,16,2,-0.3815524149595239,2,7,11,14,0.6814815102339109,6,7,10,3,0.9712705874037908,3,6,10,11,0.979381795782948,7,15,11,13,0.5485278322669367,3,6,10,11,0.979381795782948,5,10,13,8,0.1928938964971365,3,7,10,16,0.9760389189693381,11,13,16,7,0.9197358042794177,3,10,11,14,0.9848821246754128,3,10,11,13,0.8861482658757516
34,34,34,4,11,13,16,0.7702993895153473,2,13,11,5,0.2232575331884742,3,7,2,10,0.7378104231674127,3,6,10,11,0.9816083167793248,6,11,13,16,0.9688216238939968,3,5,6,10,0.879824324672264,3,6,10,14,0.9479602197748046,3,6,7,10,0.9734312663861282,6,11,7,1,0.7133378368791515,3,6,14,11,0.9479598336595267,7,10,11,14,0.9538028298329202
35,35,35,4,7,12,11,0.2089921117977942,9,10,16,13,0.5612440163190313,4,11,13,16,0.7708155818681417,3,6,10,11,0.981613702818784,13,14,7,2,0.6115964196066563,3,10,13,6,0.9570824796729677,2,6,7,10,0.7376139977711342,1,3,6,10,0.7454880232374157,3,10,13,14,0.970389538591297,3,10,11,16,0.9809855649767816,3,10,11,13,0.8887877679043972
36,36,36,5,7,12,13,0.1821772957525254,3,7,11,15,0.7219230602172413,10,15,14,13,0.6115907954431413,3,6,10,11,0.9798123659675246,3,10,11,14,0.9843863722213523,3,16,14,4,0.5599268048304675,6,11,7,3,0.9720505221958886,3,10,11,13,0.8864208074904992,6,11,13,16,0.9715530866619712,3,6,10,13,0.955988233934878,6,10,11,14,0.9838821292230128
37,37,37,5,7,1,10,0.2526429275930428,5,6,14,12,0.1502079981509543,3,4,2,5,-0.4590018910187314,3,6,10,11,0.981519166621325,3,7,12,16,0.6365696045388257,7,10,6,14,0.974576235737765,14,6,9,13,0.5696049843234756,6,14,13,7,0.9627581735797796,3,6,7,13,0.9491747523156008,3,6,10,11,0.981519166621325,3,6,7,10,0.9733994593060369
38,38,38,5,6,7,14,0.8177982935000547,7,8,9,15,-1.9490281451772664,7,11,13,14,0.9190832254241232,3,6,10,11,0.9813211298918004,5,7,10,11,0.7764847924195799,3,6,11,13,0.957539735700516,6,7,11,15,0.7174090130406097,3,5,7,10,0.8462750772816102,3,7,10,16,0.9738747469543164,3,5,6,7,0.8660835714814721,3,6,10,13,0.9571745250673291
39,39,39,9,2,4,10,-0.9936346639273496,5,6,13,11,0.8231596839096502,11,6,9,14,0.6124820663241233,3,6,10,11,0.9797212330483652,10,11,13,15,0.5703077737383423,3,6,13,16,0.9618070707961729,6,13,15,9,-0.2928193059655122,3,7,11,13,0.8710122214212841,7,14,16,4,0.6491808621521908,6,10,13,14,0.9727717000219019,6,7,10,11,0.9182183773718153
40,40,40,4,6,11,5,0.4228071104323162,8,4,11,15,-1.0437789950713334,10,11,13,14,0.9333692283248683,3,6,10,11,0.9815940857921428,7,13,14,16,0.9003151914313876,4,6,10,14,0.7842610224574982,7,11,14,16,0.8994028368756561,3,10,13,16,0.9693857798385727,3,5,6,10,0.8804118054399335,3,7,10,11,0.9217164073553084,3,5,6,10,0.8804118054399335
41,41,41,5,10,16,4,0.3482159304093827,8,11,6,16,0.6119061635159748,7,10,11,16,0.9530701868642676,3,6,10,11,0.9816750565267643,3,6,7,10,0.9735038894077921,6,7,10,11,0.9216452392156442,10,16,14,6,0.8373899876874388,3,6,7,11,0.973861357714093,3,6,7,13,0.9491400599433462,7,11,14,16,0.8992535779259131,6,11,13,10,0.8889514130144811
42,42,42,8,13,11,10,0.5665545814977583,6,15,14,3,0.5809973674119204,7,9,11,14,0.6164869631004403,3,6,10,11,0.980229897036721,6,13,11,14,0.97236447989195,6,11,14,10,0.9837404083375286,6,10,11,5,0.868183461279194,6,11,13,14,0.97236447989195,6,7,11,14,0.9765166933315658,3,7,10,11,0.9188951604164238,3,6,11,13,0.9564452855624972
43,43,43,5,9,10,1,-0.9902385246084708,6,10,16,14,0.8422369659388663,7,9,11,14,0.6163377996296656,3,6,10,11,0.980542044774002,6,13,16,5,0.8227155675631012,3,10,13,7,0.8718368610047349,16,5,6,14,0.6034521444358933,3,10,13,16,0.971144825710099,3,6,10,16,0.9478861767614977,3,7,10,13,0.8718368610047349,6,7,11,13,0.8725729829797227
44,44,44,3,14,6,8,0.5406123788581608,6,10,12,16,0.6384621130032058,6,11,13,16,0.9681249163521402,3,6,10,11,0.9821040306624392,11,6,1,16,0.6266193127382154,3,11,14,16,0.8365798224808438,3,6,14,10,0.9470365717387373,3,7,10,16,0.972949085390142,7,10,11,13,0.7500573472734172,10,11,13,14,0.932466434749734,10,14,16,6,0.8355153824304029
45,45,45,1,3,4,6,0.2286467085730795,1,6,14,4,0.0620153732379338,6,11,8,16,0.6104032788134433,3,6,10,11,0.981934569301914,3,10,11,13,0.8894866663085442,6,10,13,16,0.9682483630197322,6,16,7,1,0.6194566000217526,11,13,14,7,0.9184740902215982,13,3,5,1,0.24380437831373714,3,6,13,8,0.690590886610212,10,13,6,16,0.9682483630197322
46,46,46,13,14,16,2,0.4684489128623559,4,11,10,16,0.8096365933786968,11,15,13,9,-0.3532286447770563,3,6,10,11,0.9803803611098688,5,3,11,6,0.8832133362842141,3,6,13,14,0.9624185979397022,3,7,11,13,0.8729221893881837,10,11,14,8,0.650104809448433,3,6,7,10,0.9722934921995307,3,8,11,13,0.6612708129586378,10,16,4,3,0.7879829955667264
47,47,47,2,6,14,15,-0.3438150012858931,6,16,2,13,0.6386145772077563,10,11,16,6,0.9821179803868928,3,6,10,11,0.9802713315010436,7,11,14,6,0.9764087642675868,7,14,15,10,0.6530286047214948,6,7,11,13,0.872587703273396,3,7,10,11,0.9195275911234296,6,10,11,13,0.8876468571073395,3,5,6,7,0.8676850858121473,6,11,13,14,0.9727067064574297
48,48,48,3,4,7,15,0.2400827049042286,3,6,7,10,0.9719851304758036,10,11,9,5,0.2744734866526936,3,6,10,11,0.9801087547200676,1,2,3,14,-0.34838276375359944,3,10,11,15,0.7376192263074893,6,7,10,11,0.9191134714182801,3,6,7,9,0.7252071573371355,10,11,13,14,0.9344511050535869,6,11,3,15,0.7536918405677835,7,10,11,13,0.7467550242641906
49,49,49,2,13,14,5,0.1695097991567249,6,11,13,10,0.889053055100537,6,7,10,15,0.7124780879729314,3,6,10,11,0.9819234863094364,3,5,16,13,0.8173805256953075,6,7,14,16,0.8367452157005574,3,6,10,13,0.9572160179211464,6,13,16,3,0.9566532303475825,3,6,10,11,0.9819234863094365,3,6,10,11,0.9819234863094365,3,11,13,16,0.9689064291249461
50,50,50,4,5,11,15,-0.5009827152710731,2,4,13,14,0.1076089523832,14,16,6,15,0.3383014018224726,3,6,10,11,0.981778479262222,3,10,11,16,0.9808550389594027,3,7,15,5,0.29290427717838075,3,6,10,16,0.9453708022501303,3,11,14,9,0.600724908753269,3,6,10,13,0.957186674938402,3,6,7,10,0.9736097770722478,10,14,16,6,0.8367421000006787
51,51,51,4,3,11,1,0.2519017435326907,4,7,11,6,0.7996579263388239,3,7,16,13,0.9608864205193448,3,6,10,11,0.9819811270674204,3,5,6,11,0.8795760170651186,3,6,7,10,0.97378881567701,3,5,10,14,0.8300681229670503,3,7,11,4,0.8005474009761858,3,6,7,14,0.9470311298495606,7,10,11,3,0.9220870706728255,3,6,7,11,0.9741480111631751
52,52,52,4,16,10,1,0.1123411328699361,16,6,5,1,0.1186052621355922,1,3,11,14,0.6337726733262925,3,6,10,11,0.982002150538287,6,11,13,16,0.968098134992511,13,14,16,10,0.9050368840816233,3,11,14,16,0.8370819734035098,3,11,13,7,0.8737320177842861,6,7,10,11,0.9219952131136953,3,6,14,16,0.7200655330620482,3,6,7,10,0.9737860368712483
53,53,53,7,8,11,16,0.6179360070036192,2,3,11,6,0.7683540266312694,3,14,11,1,0.6348585218684288,3,6,10,11,0.9819678409682636,10,13,14,6,0.9693872727616828,3,7,11,13,0.8741100856604241,11,6,3,13,0.9576752359629136,10,11,13,14,0.932613481522119,3,6,10,11,0.9819678409682637,3,10,13,16,0.9684900186049411,3,6,7,14,0.9469870963089121
54,54,54,5,7,3,9,0.2776248108875174,9,12,14,16,-0.805001429651869,6,7,12,10,0.7294367816273633,3,6,10,11,0.9801387989588972,3,6,13,5,0.8598784611642549,7,10,13,16,0.9180727955128185,6,13,2,9,-0.24488917006538324,6,7,11,13,0.8715249300723755,4,14,6,16,0.5555664282484395,3,10,11,16,0.9828797747058079,3,6,7,10,0.9719689776571303
55,55,55,1,4,11,14,0.1253194819445455,3,5,6,13,0.8574789408246,6,11,13,16,0.9689840863558816,3,6,10,11,0.9816573499113272,6,11,16,12,0.6428991764127572,14,11,9,5,0.14863048963634407,4,10,11,14,0.8068225641757439,6,7,10,14,0.9745006603441484,6,11,13,16,0.9689840863558816,3,10,11,16,0.9810356644668664,6,16,11,3,0.9455832540794538
56,56,56,3,16,15,12,-0.4001214984969854,5,10,13,16,0.8147014001906181,3,5,16,7,0.8146522120243547,3,6,10,11,0.9815662344006518,10,11,13,16,0.9324095361398448,3,6,16,4,0.7088250463264343,3,5,6,11,0.8805377506935351,3,7,14,16,0.8394475052652481,3,11,13,16,0.9697198022408523,6,7,11,13,0.8737005816925989,6,10,11,13,0.8888284918897015
57,57,57,5,10,12,14,0.2036651424769695,10,4,6,5,0.4187792119893316,6,10,12,13,0.6692777887731781,3,6,10,11,0.981699214471566,1,12,7,4,-1.0481591068812905,1,3,6,11,0.7447023178323776,3,7,10,13,0.8728777940230565,3,6,7,13,0.9490168548869641,3,7,10,13,0.8728777940230565,6,10,11,14,0.982113570672914,3,10,6,7,0.9734976992158612
58,58,58,3,5,11,16,0.8284927048463917,1,4,6,9,-1.0943989856463423,3,10,11,13,0.8887938477263608,3,6,10,11,0.981766854775138,3,6,10,11,0.981766854775138,3,10,11,13,0.8887938477263608,13,14,16,3,0.8626464974559567,3,7,10,11,0.9216561920189407,14,16,13,3,0.8626464974559567,3,6,7,10,0.9735636817930233,3,6,7,10,0.9735636817930233
59,59,59,5,2,9,12,-2.8963143019667816,7,13,10,3,0.8727443255842462,8,11,14,5,0.1680332253607726,3,6,10,11,0.9816804357328924,2,3,6,13,0.7229913142499267,3,10,13,16,0.9689489731238344,3,7,13,6,0.9489172679301747,3,7,10,13,0.8727443255842462,5,6,10,14,0.8298279260368773,3,6,10,11,0.9816804357328925,3,7,10,11,0.9215023887533322
60,60,60,2,4,7,8,-1.029451880472827,14,5,9,4,-0.7493030377010435,3,7,10,11,0.9219680044129128,3,6,10,11,0.981923037572518,6,13,11,5,0.8202433876338675,5,6,7,9,0.26449987896034965,3,6,7,11,0.9740863497139689,3,6,14,11,0.9474006235193018,6,10,11,7,0.9219577724852289,3,7,10,13,0.8731289777018585,3,6,10,14,0.9473996531848963
61,61,61,4,1,8,9,-3.157942402134748,3,13,5,2,0.2931947800987818,3,10,14,16,0.8448853757629056,3,6,10,11,0.9800442220383032,7,11,13,14,0.9200594150892044,3,7,10,11,0.9190557451018535,3,6,10,11,0.9800442220383031,3,6,11,13,0.9567761762517493,3,10,13,14,0.973048116330858,6,10,11,13,0.8871594886196666,3,6,7,10,0.9719377874071047
62,62,62,10,16,11,14,0.9055457419897572,2,16,15,11,-0.3119077080192447,6,13,11,15,0.6583389674862042,3,6,10,11,0.9817125380777312,13,4,16,11,0.7704762273197032,4,6,11,8,0.2443362050321659,3,6,14,10,0.9476847673772464,3,7,13,14,0.9630301273256966,6,10,11,13,0.8890707093092576,11,16,13,7,0.9177856025921898,3,7,10,14,0.9749837441979221
63,63,63,5,7,10,15,0.2503280171132657,3,10,14,4,0.7842177641065056,3,6,10,11,0.9817822257443526,3,6,10,11,0.9817822257443526,4,6,13,16,0.7699222527086216,1,6,11,10,0.7294190629344521,3,16,6,10,0.9454803051287487,3,10,11,13,0.8890018186212824,3,7,11,13,0.8738576655033314,3,6,7,11,0.9739591807542477,3,6,10,14,0.9476578196408894
64,64,64,12,5,3,2,-0.8465534126039649,1,14,4,10,0.1360989930179675,6,11,14,15,0.6506840717663134,3,6,10,11,0.9801853462198468,3,7,10,11,0.9191118245740235,6,7,11,10,0.9191284267380471,3,5,7,10,0.8463102434586464,3,5,6,10,0.8822168093628908,6,7,10,11,0.9191284267380471,7,11,13,16,0.9190847749629433,3,6,10,16,0.948551905432536
65,65,65,4,15,9,16,-1.3301178850122648,3,8,10,15,-0.1725629904976966,3,5,7,10,0.8470345034375171,3,6,10,11,0.9799241412370574,6,10,13,11,0.88704860988663,3,6,11,16,0.9488078144788574,6,7,11,16,0.9753860825106065,3,10,11,14,0.9844267000213971,3,6,13,11,0.9567424568220954,3,7,10,11,0.9188506168569484,7,11,13,3,0.8719429284304147
66,66,66,7,15,13,6,0.6407436297579545,14,15,9,5,-1.2614213953090356,3,7,11,13,0.8740803524930223,3,6,10,11,0.9817188724422176,10,13,16,11,0.9323437462849496,3,10,11,16,0.9809426286047959,1,3,11,14,0.6371264399655364,13,6,3,10,0.9573282219052301,3,6,13,14,0.9592279441475469,13,7,3,10,0.8733640995924371,3,7,13,16,0.9616456430360739
67,67,67,1,2,3,14,-0.369809101121497,13,14,16,7,0.898661302544405,1,6,10,11,0.7296832771747639,3,6,10,11,0.9819615599788593,14,16,7,10,0.897679186924709,3,6,7,11,0.9741696002596235,11,10,14,4,0.8058842678085325,3,6,7,13,0.9494009767657191,3,7,10,11,0.922288633181804,10,11,3,7,0.922288633181804,3,6,11,14,0.9470425215060296
68,68,68,10,13,14,4,0.7723890471306285,5,6,13,15,0.2463704103707156,1,2,10,14,-0.3104060349770041,3,6,10,11,0.9817028653735808,11,14,3,5,0.8325178762217342,3,13,16,10,0.9691917645025967,6,11,16,7,0.9732613527971494,10,13,16,11,0.9325074575310641,3,6,10,13,0.9574119522276368,6,16,3,10,0.9453472546656317,3,6,7,10,0.9735727588476956
69,69,69,1,9,15,14,-2.2328264251014804,9,13,7,4,0.0735863065109466,3,6,10,11,0.9819730554818984,3,6,10,11,0.9819730554818984,7,11,16,6,0.9729809046868325,3,7,16,5,0.8138093041372126,2,3,10,13,0.6851090961092695,3,4,7,13,0.7545552420557855,5,10,13,14,0.8170037883395888,3,6,10,13,0.9579033171473349,3,6,11,16,0.9446229379303902
70,70,70,1,3,5,10,0.3121003973567762,3,15,16,2,-0.3742258518346903,13,5,3,1,0.2409102864102374,3,6,10,11,0.9820524179928564,13,14,5,3,0.8196541872822847,6,16,14,3,0.719970910106643,3,6,7,16,0.9448825660599338,10,11,6,7,0.9222008469530557,3,5,11,13,0.8208776804603756,3,11,14,12,0.6463148825037757,3,6,10,11,0.9820524179928563
71,71,71,6,7,11,14,0.9744995344774344,3,14,4,1,0.060529296232921,14,16,1,13,0.412842699804239,3,6,10,11,0.9821150314800248,3,10,11,13,0.8895285776661114,3,6,9,13,0.6779411847436759,3,6,13,14,0.9587251890370095,5,6,10,3,0.8781907991261471,3,7,14,10,0.974691460670905,6,10,11,16,0.9801956447875315,6,7,11,13,0.8743428037583665
72,72,72,12,14,15,2,-2.0257293586053606,6,11,9,14,0.5985821935927069,7,11,14,16,0.8991125765056116,3,6,10,11,0.9818443167842936,15,10,6,3,0.7452963917146178,5,7,10,13,0.7019476308544852,10,11,15,13,0.5647424372913209,7,10,11,13,0.7498623499664954,3,6,7,13,0.9493456297532936,10,4,11,14,0.8054547434414377,6,10,13,14,0.9701392954120763
73,73,73,7,14,5,16,0.6855449045438402,3,8,11,16,0.6113198978719124,7,11,15,6,0.7122718062445852,3,6,10,11,0.9817715042401702,3,6,7,11,0.9738759350471176,3,4,6,13,0.8099859019634816,3,6,7,14,0.9479784306763833,3,6,7,11,0.9738759350471176,3,6,10,11,0.9817715042401702,6,10,11,3,0.9817715042401702,11,13,3,1,0.6555328194686629
74,74,74,3,8,10,11,0.7301118860309714,6,11,13,14,0.9732382404582774,11,15,16,2,-0.2970572668795466,3,6,10,11,0.980031581004594,11,5,2,10,0.3240887967819531,3,7,10,13,0.8708554836245481,6,11,13,16,0.9719671489840009,9,11,16,13,0.5712528321497756,6,7,11,16,0.975553558551963,3,6,7,11,0.9721800074424031,3,7,10,14,0.9771068896655174
75,75,75,3,6,9,16,0.5169698052942644,3,5,8,10,0.3050439862196723,3,6,7,14,0.9479539513837788,3,6,10,11,0.9817142537039044,3,5,9,14,0.08552675907007656,6,11,10,7,0.9216164569383818,3,6,10,16,0.9460176073915533,4,10,3,1,0.25134704366559824,11,6,13,10,0.8891760149641879,3,6,7,10,0.9734980681429153,6,10,11,14,0.9823718137542508
76,76,76,7,8,14,6,0.61889578019682,10,13,14,3,0.9735615701186394,6,13,16,14,0.8713090649332669,3,6,10,11,0.9798233536608544,3,6,10,11,0.9798233536608544,6,11,13,7,0.8710191382880804,3,6,13,14,0.9640978238296554,3,6,10,11,0.9798233536608544,6,7,10,13,0.8703028510750814,3,11,13,14,0.9739153772239715,3,6,7,11,0.971943999202397
77,77,77,3,6,12,14,0.5880903674243281,2,6,7,10,0.7406364316244609,6,9,16,11,0.6045165657688429,3,6,10,11,0.9799099131856892,3,4,7,10,0.8008520136664082,7,10,13,11,0.7458294619168784,3,6,10,11,0.9799099131856893,3,10,16,6,0.9495054550135875,3,10,14,16,0.8465812122621857,3,6,10,11,0.9799099131856893,3,6,7,13,0.9481673661293412
78,78,78,5,7,8,10,0.2504712207365064,3,6,12,1,-0.1611373000638778,7,10,11,13,0.7454655120872897,3,6,10,11,0.9797437020448808,3,6,11,13,0.9565244258726667,6,10,11,14,0.9844617649418307,3,10,13,11,0.8863980120939026,7,10,11,14,0.9547336709800703,3,5,7,11,0.8462197300010005,6,10,11,14,0.9844617649418307,5,6,10,11,0.8680880076259543
79,79,79,6,11,15,10,0.7292194278321671,6,10,16,2,0.6573826818005611,5,7,16,6,0.8113781665964652,3,6,10,11,0.981803204679428,6,7,10,11,0.9215927812300482,3,5,6,13,0.8557335839245822,3,7,11,12,0.7249557188237066,14,16,3,6,0.7219210068374455,6,7,16,10,0.9730755250412308,6,7,10,11,0.9215927812300482,3,6,7,10,0.9735594715245993
80,80,80,10,11,8,15,-0.2122018989293324,12,15,6,16,-0.3865658244234891,7,14,6,11,0.9769567426624196,3,6,10,11,0.9800114883677228,3,8,10,16,0.6228055900922871,10,11,13,16,0.9340074072254008,3,7,13,11,0.8716582384599433,3,6,10,14,0.9513056732470143,3,7,11,14,0.9774636107794886,3,5,10,11,0.8689838140275796,3,6,13,14,0.9636802056167414
81,81,81,3,15,13,10,0.6635746222061426,9,10,11,16,0.6287759956772018,6,7,12,16,0.6432832244626366,3,6,10,11,0.9800346796614012,10,11,15,3,0.7367128289902241,3,10,16,13,0.9722332118552772,11,14,4,3,0.791562862827222,5,11,13,14,0.8229770896097813,3,10,7,13,0.8712667692139353,7,10,11,16,0.9540293339982419,4,6,7,10,0.8006558397585355
82,82,82,6,13,4,16,0.7697170922023842,15,4,10,16,0.1214484807857469,3,6,10,7,0.973607354666918,3,6,10,11,0.981814183585658,3,6,14,2,0.5931715831201876,10,11,14,13,0.9333224047753358,11,14,1,3,0.6356840367233678,3,10,16,14,0.8384562504129057,3,6,7,10,0.973607354666918,3,6,16,14,0.7214681821149213,6,10,13,15,0.6561248081034625
83,83,83,5,9,13,14,0.0872271903088337,5,10,14,15,0.1895451640076635,6,10,3,13,0.9575549772658072,3,6,10,11,0.9819680323137588,13,10,3,9,0.642112493541118,3,7,10,13,0.8735443074706418,3,6,7,10,0.9737466316868628,6,7,10,1,0.7103882950471491,6,13,10,3,0.9575549772658071,6,13,14,11,0.970390787599668,6,7,16,14,0.8372686742538309
84,84,84,4,10,16,7,0.7784456527169075,3,6,14,7,0.9480160166467174,9,5,3,11,0.291440968042427,3,6,10,11,0.9817351367881232,3,6,7,12,0.7457665202661345,6,10,3,13,0.9572707243985853,10,11,7,3,0.921500021963599,3,10,11,14,0.9828804326386396,3,10,11,14,0.9828804326386396,3,7,4,10,0.7986760356751548,3,6,14,16,0.7223708247745761
85,85,85,1,7,16,4,0.0891129677558278,13,16,11,10,0.93251338277452,7,13,16,2,0.6053458395505483,3,6,10,11,0.98184517587166,7,10,14,11,0.9540517603596144,3,6,10,14,0.9478661877498341,3,6,7,16,0.9454787998435576,6,10,11,13,0.8892629196289485,6,7,16,5,0.8115680562561525,3,14,16,6,0.7214285886144435,3,11,13,14,0.9710882807516751
86,86,86,8,9,10,12,-1.9125303564414944,3,4,7,15,0.2279360688295392,11,16,9,4,0.0742491680785336,3,6,10,11,0.9819465925292614,6,10,11,16,0.9804559443892069,7,14,11,13,0.919076079305965,3,10,11,13,0.8898465800694171,6,11,13,14,0.9705983152965669,3,10,14,13,0.9707707515730103,3,10,11,14,0.9825239589548405,3,6,7,11,0.9741278963707535
87,87,87,9,7,5,4,-0.5583398156994732,3,4,11,13,0.7823450728815615,11,13,16,3,0.9729680789130112,3,6,10,11,0.9799768350959728,10,13,16,6,0.9721224238160782,7,14,16,15,0.455059641574837,10,11,13,14,0.9354750207364542,10,14,5,16,0.7114459259232783,6,7,10,11,0.9191344004605169,3,10,16,1,0.6424440462426108,3,6,11,13,0.9572262267448578
88,88,88,5,16,4,9,-0.7591711265054975,4,10,14,13,0.7699313271167552,5,10,13,2,0.2178029445598475,3,6,10,11,0.9817652893642052,4,6,13,15,0.17805928292470496,3,6,13,14,0.9598128696274709,3,7,10,11,0.921498439567802,13,11,5,16,0.8137031462856534,6,7,10,11,0.9214887093905861,3,6,14,13,0.9598128696274709,3,6,10,14,0.9482751496163876
89,89,89,3,11,16,6,0.9492081639207328,6,8,10,11,0.7307914123093249,6,11,9,14,0.6116728829757794,3,6,10,11,0.9799171703737792,3,11,13,1,0.6644945704958071,6,10,16,14,0.8451573229441612,3,6,7,11,0.9721102304212661,3,7,11,13,0.8720143539738178,3,7,13,6,0.9484869217702978,3,7,10,11,0.9187325928388728,6,16,3,11,0.9492081639207328
90,90,90,1,6,9,13,-0.321200065477087,11,4,14,5,0.3509785461993205,5,11,10,6,0.866587287719915,3,6,10,11,0.9817523366191016,4,6,7,3,0.8167747262424632,3,5,11,13,0.8210390664974919,3,5,7,10,0.843750474411733,10,11,13,15,0.5644326119454501,3,6,7,13,0.949262991715603,3,10,7,14,0.9752454778176018,3,7,10,13,0.87318016934587
91,91,91,5,9,6,4,-0.529051661279677,3,7,13,14,0.9661712135368796,11,6,14,4,0.790011021403953,3,6,10,11,0.9801147325298488,3,6,14,10,0.9508775491543142,7,10,11,14,0.954914648468706,11,16,15,8,-0.3788059342270633,6,7,10,13,0.8717148393346102,3,11,13,16,0.9727026500652398,6,11,14,7,0.9768725262081563,10,7,16,4,0.7849646696907984
92,92,92,14,6,2,4,0.1001444366293154,3,13,16,11,0.9695288381667656,3,11,6,10,0.9819918137904932,3,6,10,11,0.9819918137904932,1,3,4,11,0.2511837247641949,2,10,14,16,0.46923334888976365,3,11,10,1,0.7291652661454577,3,10,13,16,0.9691720557634314,10,14,13,3,0.9705835698613682,3,11,13,7,0.8744337142063607,6,10,14,11,0.9819793845038874
93,93,93,2,5,13,12,-0.9916799612897425,3,6,11,13,0.9579474409948336,16,2,3,13,0.6264152983006145,3,6,10,11,0.9820436008719156,1,3,10,11,0.728419214840138,3,6,11,13,0.9579474409948336,3,6,12,14,0.5733564678600467,6,7,3,12,0.7448401322625541,5,7,10,16,0.8238854568418227,3,6,11,13,0.9579474409948336,3,7,11,6,0.974172103839821
94,94,94,2,5,6,14,0.1815852337137877,7,16,15,6,0.6354159982730802,4,13,14,7,0.7526778956998317,3,6,10,11,0.9803115180161048,3,7,10,16,0.9754385030113357,6,7,10,11,0.9193393095620865,16,7,6,10,0.9749278127558216,11,13,3,4,0.7804418833073549,3,10,11,6,0.9803115180161048,11,14,16,10,0.911045993608015,3,6,13,14,0.9631075636695033
95,95,95,5,7,14,11,0.8272297386331183,2,5,10,13,0.217144472711438,6,7,10,13,0.8729393296531421,3,6,10,11,0.98185653943977,3,10,13,7,0.872939714029157,3,15,14,6,0.5691428690912459,3,10,11,13,0.8888813141805681,3,10,11,13,0.8888813141805681,10,7,13,6,0.8729393296531421,3,6,7,10,0.9735975935666094,5,6,10,13,0.8182776532745886
96,96,96,1,13,14,7,0.5781770571147349,1,2,16,14,-0.6983828636726985,2,16,6,1,-0.38129922217302,3,6,10,11,0.981672016863282,6,10,11,14,0.9824026302881653,3,16,8,5,0.10040919856940245,3,6,7,10,0.9734264368322594,3,6,7,11,0.9737868678493666,5,10,11,14,0.8501535941887104,3,6,7,11,0.9737868678493666,3,6,11,13,0.9575517679938358
97,97,97,4,15,16,12,-1.263295454370708,4,5,6,7,0.3857594135430893,5,7,10,16,0.8253660350561283,3,6,10,11,0.981595328265538,4,5,7,13,0.27986516357702373,1,3,6,10,0.7439969568662,10,11,16,2,0.6804135464036618,3,6,11,14,0.94847984378889,3,6,10,11,0.9815953282655379,3,6,11,16,0.9463310057070379,3,6,8,10,0.7368933834000604
98,98,98,13,7,16,2,0.6187536437965206,11,15,2,14,-0.2835450028568906,4,5,6,11,0.4279335887395483,3,6,10,11,0.9797872686563815,3,7,11,13,0.8721654883958341,10,11,12,13,0.586767010858136,3,6,11,14,0.9512653059931071,11,13,7,3,0.8721654883958341,11,14,16,4,0.6648775302315928,3,4,6,7,0.8212159754802222,3,7,11,6,0.9720070445939637
99,99,99,3,5,9,11,0.2914781947522236,11,16,2,9,-0.3774465983791599,10,13,8,7,0.5360906175745079,3,6,10,11,0.9816567787118556,6,12,16,3,0.5698098852686752,1,3,11,14,0.6358029367033136,10,16,11,7,0.9531915343814357,2,11,13,1,-0.2885366798127089,6,10,11,3,0.9816567787118555,3,10,11,16,0.9815292393135355,6,10,12,7,0.7233125099789348
100,100,100,6,14,8,9,-0.5362635741736728,3,5,13,11,0.820500765274128,13,14,11,10,0.9332807750374956,3,6,10,11,0.9815934081955774,3,10,11,14,0.983116512840169,14,16,7,2,0.464084570549648,3,6,10,11,0.9815934081955774,6,7,14,16,0.839307887550357,3,10,14,6,0.9486671882430475,3,6,7,11,0.9736961654094615,7,10,11,15,0.6389716157624741
101,101,101,6,14,13,10,0.973257429362016,5,10,11,13,0.7350392407650967,3,7,16,14,0.8471011951961941,3,6,10,11,0.9798766052979986,6,10,16,13,0.9719982812349414,5,6,10,11,0.868255259185288,6,11,13,14,0.9736092520597522,3,7,14,15,0.6437178196554719,6,13,16,5,0.824733964809196,6,16,4,11,0.7875887600893743,6,7,10,16,0.9753978427939156
102,102,102,4,5,6,8,-0.5271443682561663,11,4,9,2,-1.0143112307651043,3,16,4,6,0.7079400684535929,3,6,10,11,0.9816110908266454,4,5,10,14,0.35036487727745635,10,6,15,3,0.7455842702647557,7,6,13,3,0.9491560588687178,3,5,6,10,0.8787864032757925,3,10,11,13,0.8888473012058377,3,6,7,10,0.9733783928402182,6,10,13,14,0.9706266747864232
103,103,103,2,8,10,13,-0.2858093691550594,2,3,9,11,-0.1455993631198056,6,7,10,11,0.918402780530198,3,6,10,11,0.9798463820176172,6,14,10,13,0.9731623260103641,5,10,11,14,0.8558579063739366,3,6,13,16,0.9621074990733925,3,5,14,16,0.6096398626669535,3,10,11,13,0.8865890122537547,6,16,11,3,0.9495591495911349,3,6,10,11,0.9798463820176173
104,104,104,9,16,13,10,0.5609155536056625,2,14,16,5,-0.0794155090417945,14,15,16,3,0.3425151350719089,3,6,10,11,0.9815558294710246,13,14,16,5,0.7048010544412013,6,14,11,10,0.9825562795390266,7,11,3,14,0.9758368104764995,3,6,7,10,0.9733304097183537,6,14,5,10,0.8300691418909644,3,7,11,10,0.9212692394097443,3,6,13,14,0.9603077394731728
105,105,105,9,6,7,15,-0.2100098274272066,3,7,11,13,0.87137660030822,10,3,13,16,0.9732551197947475,3,6,10,11,0.9793492079809628,3,13,8,11,0.6630291282767284,3,11,15,7,0.7223195573377277,6,10,11,14,0.9846933699721316,6,16,12,11,0.6565478493686802,13,16,14,9,0.38430501454702903,3,6,13,14,0.9649278674190318,3,6,7,14,0.9518854479973029
106,106,106,13,16,8,2,-0.4218338821186651,1,3,4,6,0.2319585197901417,3,11,14,12,0.6517842886808703,3,6,10,11,0.9813452378045112,3,10,6,16,0.946552421213782,3,6,10,13,0.9574591269377186,3,7,14,6,0.948501724053173,6,7,10,11,0.921187455039503,5,6,7,11,0.845099398784705,3,5,6,7,0.8648816636002534,3,6,7,10,0.9731740572483281
107,107,107,3,9,16,11,0.5991822536987081,7,11,13,5,0.704131781795023,4,6,7,12,0.2460060007968652,3,6,10,11,0.9810824525424492,6,10,3,8,0.7397852648783613,3,7,9,11,0.7023191650892234,3,4,5,6,0.3973502112282513,3,6,7,10,0.9728954088331956,3,10,11,13,0.8885132612324672,3,6,10,14,0.9492958610460561,5,10,3,14,0.8336865186183265
108,108,108,1,5,7,10,0.2611522920492518,7,11,15,14,0.6575824985874223,7,10,13,2,0.5738497258363958,3,6,10,11,0.9792547635293506,3,10,11,16,0.98396304877882,6,11,13,14,0.9745501645189933,3,6,7,13,0.948178082673669,3,10,11,7,0.9177215344205636,3,6,10,11,0.9792547635293506,3,11,13,14,0.975038859996561,3,6,10,13,0.9562312566102696
109,109,109,3,13,14,9,0.5846224339910462,1,5,6,7,0.3005365166594902,1,4,5,10,-0.4897454653207667,3,6,10,11,0.97932543144014,3,11,14,12,0.6624308508644858,3,14,16,9,0.2886014588394811,3,11,13,15,0.6658909571834548,3,7,10,9,0.7062447084234611,5,13,14,10,0.8236504756999578,3,6,13,16,0.9632475826081515,6,7,10,16,0.9759355924180342
110,110,110,1,7,11,6,0.7146413838647185,15,14,12,7,-0.3502801813596181,3,5,9,10,0.295485277949143,3,6,10,11,0.9813204050763076,3,7,10,13,0.8732031634360509,3,13,8,6,0.6935358470207595,6,7,10,13,0.8732133936708782,10,11,16,7,0.9536811572920988,3,6,7,14,0.9485720847484241,6,16,10,14,0.8395356025699662,10,13,16,3,0.970539458064292
111,111,111,3,13,4,14,0.7780151134138231,1,2,3,14,-0.359824229406996,3,6,2,14,0.5987208176475654,3,6,10,11,0.9811188808079924,10,13,16,2,0.6277578618736008,6,10,14,13,0.971807485105616,4,11,6,13,0.7791810103762231,7,11,14,6,0.9758554094907176,6,7,10,11,0.9208794075354,3,6,7,10,0.9729602070607943,3,13,9,16,0.5680592429766241
112,112,112,9,10,14,5,0.1467937635235816,5,4,13,14,0.3194540047323077,11,8,6,13,0.653206132316713,3,6,10,11,0.9815082840891224,10,9,14,13,0.5672894813241584,7,14,9,11,0.6096256533700174,13,14,6,3,0.9605239013048109,6,10,16,14,0.8390327343858683,7,10,11,13,0.7492084979338456,3,6,13,16,0.9585066167614474,3,6,11,16,0.9464931729689107
113,113,113,6,14,16,9,0.2699587462795173,7,10,11,14,0.9545620993092736,11,13,16,6,0.9705896764895162,3,6,10,11,0.9811636318880198,7,10,6,8,0.7096029097657474,6,10,5,13,0.8211464848715533,7,11,13,14,0.9198156738108035,3,7,11,13,0.8737099646351828,3,7,10,11,0.9208814087867804,3,13,16,10,0.9707520486426254,6,11,14,16,0.8401285156832156
114,114,114,11,13,12,15,-0.2930973005917181,3,14,4,10,0.7937441200402591,4,7,13,11,0.6624939169710286,3,6,10,11,0.9791932896542812,3,5,10,11,0.8698815404689318,3,11,16,10,0.9840223459514592,1,3,6,11,0.75393722905116,3,6,10,16,0.9504477782987201,3,6,11,14,0.9524198761132362,3,6,7,11,0.9713810609813304,6,7,8,10,0.714858444165297
115,115,115,16,4,13,5,0.3319830666133756,3,4,13,14,0.7859835224951887,3,4,5,6,0.4059777401637968,3,6,10,11,0.9789333428192224,3,10,11,14,0.9855772524690884,7,10,11,16,0.954353768044166,3,16,11,7,0.9770629184940725,3,7,11,14,0.9783800025889435,16,10,11,7,0.954353768044166,3,6,10,16,0.9508375495913877,6,7,13,3,0.9477847687513586
116,116,116,9,12,14,13,-0.4752046026028367,1,4,5,10,-0.4995449499740405,3,6,10,13,0.9568742725720798,3,6,10,11,0.9807363661041352,3,6,7,10,0.972535651205317,7,13,16,12,0.5946496868401944,3,6,13,14,0.9622085640232355,3,5,6,7,0.8653583019395039,3,6,14,16,0.7272014231646489,3,7,11,16,0.975329280928016,3,6,16,10,0.947954806930191
117,117,117,3,5,15,6,0.3117819335260958,6,10,11,16,0.983841775572772,3,6,7,13,0.9477085618179176,3,6,10,11,0.978912450398899,6,10,11,16,0.983841775572772,7,14,16,6,0.8495001340561036,3,6,10,13,0.9557980435204394,7,11,16,3,0.9771256911990405,13,16,6,11,0.9736188318595868,3,11,13,14,0.9753021982667138,3,11,16,7,0.9771256911990405
118,118,118,16,12,14,5,-0.0799261195376384,12,13,15,6,-0.2280637640457379,1,7,10,3,0.7202496282764517,3,6,10,11,0.9788488730280016,3,13,10,11,0.8854431459040727,3,6,7,11,0.971017173874521,6,13,10,14,0.9744670503362675,6,11,13,16,0.9736219011640501,7,11,14,4,0.7907021055810529,3,5,7,14,0.8264034890590104,3,6,14,10,0.953075456432331
119,119,119,14,16,2,1,-0.6884352056726066,6,7,8,11,0.709212055177131,7,14,16,11,0.9023336032851996,3,6,10,11,0.9810172923032684,6,10,11,13,0.8879952021588714,3,5,13,6,0.8574696900925367,6,11,13,15,0.6589487080729779,7,10,13,14,0.9185930682322586,3,6,7,10,0.9727851940468835,3,6,7,10,0.9727851940468835,6,14,10,16,0.8412627735567666
120,120,120,7,11,16,3,0.9769201437760756,5,7,4,1,-0.530392154134582,3,6,8,13,0.7015700159657434,3,6,10,11,0.9791178357705742,3,4,13,16,0.7823751443828303,7,10,11,14,0.9549283859952555,3,6,10,14,0.9526560116868356,6,10,15,16,0.650077975985575,3,7,10,11,0.9172465371208316,3,5,6,7,0.8675717689066206,3,10,11,13,0.8857867153773
121,121,121,3,6,16,10,0.9470899622724644,3,11,13,2,0.6864048765620003,3,16,11,4,0.7844469911191579,3,6,10,11,0.98113336625763,4,6,11,14,0.7859196695066875,7,10,16,11,0.9536126319179914,3,16,7,5,0.8161010934572714,3,10,13,14,0.9719776354970698,3,6,7,12,0.7492041241761525,6,7,10,11,0.9206891889182245,3,13,14,16,0.8665098751302909
122,122,122,6,11,14,10,0.9832132358317284,6,11,16,14,0.8412763151820183,16,4,10,3,0.7844084301421477,3,6,10,11,0.980942978363467,1,3,8,13,-0.2903373988415392,3,6,7,10,0.9727387445712,3,4,6,7,0.8185199163896252,3,6,7,12,0.7495456699138424,6,7,11,14,0.9759825505084158,3,6,7,10,0.9727387445712,3,11,7,6,0.9730958688592396
123,123,123,3,7,14,16,0.850098966818478,3,13,14,11,0.97509497784277,13,14,16,15,0.4512569957001393,3,6,10,11,0.9790003892497487,7,11,16,14,0.9083542006203097,13,14,7,11,0.9208398471990891,7,10,11,13,0.7444692477703552,3,11,6,10,0.9790003892497487,3,10,11,14,0.9855260528509586,3,6,10,14,0.9527606649084797,5,6,11,13,0.823767083785986
124,124,124,6,15,9,11,-0.204685532160791,3,6,10,11,0.9808814728125076,8,10,16,12,-0.3778051246140128,3,6,10,11,0.9808814728125076,5,11,14,6,0.8333068263322985,6,10,13,9,0.6455988724427583,6,16,13,11,0.9708623041646675,3,11,14,5,0.8347143922235278,1,3,10,11,0.7323067068980142,3,6,7,10,0.9726695205230156,3,6,7,5,0.8649847806331552
125,125,125,2,3,7,10,0.7409567246085582,11,14,3,10,0.98392340759253,5,6,7,10,0.8448331501181798,3,6,10,11,0.980761603234826,13,14,16,8,0.398849904956466,3,6,7,10,0.9726094558204273,6,10,14,15,0.6470565568325428,3,14,1,12,-0.3928917488932986,3,5,10,14,0.8351922717061985,6,10,13,14,0.9722878067945572,3,6,7,11,0.9729636865369184
126,126,126,13,2,6,1,-0.2152851877207191,10,14,11,7,0.9546090579882484,3,14,15,5,0.1476698235768215,3,6,10,11,0.9806658563888916,3,10,13,1,0.660426760360407,6,7,13,14,0.9647056613752302,3,6,11,7,0.9728324612751571,6,5,3,8,0.2889822461426813,3,10,14,16,0.8434693185080262,3,6,7,10,0.9724766363575897,3,6,10,11,0.9806658563888917
127,127,127,5,9,10,11,0.2810868483567184,16,11,15,13,0.6154739315862015,4,7,10,11,0.7336725933130984,3,6,10,11,0.9785852839840162,7,10,13,15,0.5495034691602186,2,3,9,13,-0.2283245873513846,6,7,10,11,0.9168184432812359,5,10,11,13,0.7372474851878829,6,14,16,2,0.3910189440529481,6,13,10,3,0.9559297234612183,3,6,11,14,0.9529709758243913
128,128,128,7,10,2,9,-0.2140021781036922,3,6,10,16,0.9477873855578004,3,11,13,16,0.9714461285956428,3,6,10,11,0.9808470948483736,5,6,7,10,0.8437837279504687,3,11,14,1,0.6416402041162672,3,10,13,14,0.9724165071327942,3,7,14,6,0.9496632396606208,6,7,13,10,0.8721290714550123,3,11,13,6,0.957311625789825,3,6,7,10,0.9726393774608503
129,129,129,6,10,13,3,0.9555908375284856,3,11,10,6,0.9787801340104492,3,4,5,13,0.3850423336314549,3,6,10,11,0.9787801340104492,3,9,10,11,0.7249800100738826,7,3,11,14,0.9785552802578957,3,6,7,10,0.9705812590605826,6,16,3,11,0.951317431915523,3,5,13,14,0.8322969743991714,3,5,6,10,0.8827623473261678,3,7,13,14,0.9675132140644892
130,130,130,3,12,16,10,0.6482954403348729,2,7,11,10,0.6667459350725411,10,14,2,15,-0.297142191120155,3,6,10,11,0.9808945470986056,7,14,16,3,0.8430319792856142,4,14,8,10,0.11024509764045043,3,10,11,16,0.9823995855535325,3,5,10,11,0.8686847871451067,3,6,7,14,0.9494710645653651,3,7,10,14,0.9762883759224321,3,11,13,6,0.9575146303264919
131,131,131,1,5,7,10,0.2497693429773203,7,4,11,13,0.6604607629640322,3,7,11,16,0.974807869076893,3,6,10,11,0.9812397428987218,3,6,10,9,0.7283627282868044,6,13,16,11,0.9704034927301421,7,11,13,16,0.9187367238857969,6,10,14,4,0.7845417016403228,5,16,3,14,0.6004476854836803,5,7,10,3,0.8442121905051783,1,3,6,8,-0.2167454680776153
132,132,132,7,10,11,5,0.7749420160760758,10,13,7,14,0.9204157637780458,7,11,14,6,0.977687931752932,3,6,10,11,0.9792344347686144,7,10,11,16,0.9543940184350058,11,14,16,13,0.917015774658792,6,7,11,13,0.8712481287552087,6,7,13,11,0.8712481287552087,3,4,6,10,0.8378101806009807,11,14,16,13,0.917015774658792,3,6,11,14,0.9523347407704775
133,133,133,11,13,14,7,0.9213808960118894,3,7,10,13,0.8700866711908413,3,6,7,11,0.9710345950062732,3,6,10,11,0.97882758118908,6,10,11,16,0.9838503510296129,7,10,11,14,0.9551779210177431,10,11,14,3,0.9856572466822994,3,10,11,13,0.8859077321651169,3,6,7,10,0.9706840756312041,3,6,7,13,0.9479019049171563,3,6,10,14,0.9528392547463744
134,134,134,4,6,13,15,0.188322133714871,4,13,15,11,0.1320496173120187,10,11,14,13,0.934669356707523,3,6,10,11,0.9806351042102566,3,10,11,15,0.7350137715892822,3,6,7,11,0.9728102163557835,11,6,12,16,0.6490503513183059,11,13,7,3,0.8728999514036968,3,10,13,14,0.972895247257187,3,6,7,10,0.9724549561109807,6,7,11,14,0.9763854377985602
135,135,135,6,10,13,15,0.6613147887290179,3,10,11,1,0.7342229424227196,16,11,3,5,0.8337622105664639,3,6,10,11,0.980416165004196,8,13,16,11,0.5862106288418742,3,6,11,16,0.9484828386871363,6,10,11,15,0.7345317811590427,3,7,11,16,0.975712441174229,7,14,16,6,0.843938890342626,3,6,10,11,0.9804161650041959,3,6,13,14,0.96297586661675
136,136,136,10,13,16,1,0.599619551266799,4,7,14,5,0.3273766490445685,2,7,11,5,0.2916157845208992,3,6,10,11,0.980274433447578,7,11,13,15,0.5448256886340976,3,7,11,13,0.8722599309621917,2,3,6,16,0.5979593586652563,6,7,10,16,0.9750104072078638,6,7,10,16,0.9750104072078638,3,6,10,11,0.9802744334475779,3,10,13,14,0.9733186907720656
137,137,137,7,9,12,13,-0.3702477557745229,4,9,1,10,-1.075153068636264,14,16,5,10,0.7072911960573312,3,6,10,11,0.9805563418130472,11,14,16,1,0.4459764277287147,3,5,11,13,0.8223816330994993,5,11,14,16,0.7078643128946067,3,14,11,10,0.9842034100602012,6,7,14,3,0.9502448369119074,3,10,14,16,0.844121988593038,3,6,10,11,0.9805563418130472
138,138,138,16,6,10,11,0.9821941687778676,3,16,7,11,0.9754879174925916,3,5,11,12,0.3388401003906139,3,6,10,11,0.9806292194322734,8,11,16,13,0.5846636803685648,6,10,11,3,0.9806292194322734,3,10,16,7,0.975145237607663,7,10,16,3,0.975145237607663,3,13,14,10,0.9728182843984859,6,16,10,7,0.9746293929627888,3,6,10,14,0.9502345935642172
139,139,139,5,16,6,1,0.1297605681806621,9,13,16,5,0.0910238567666779,3,11,10,16,0.9823956358171096,3,6,10,11,0.9808882056337144,4,10,13,16,0.772360767263746,1,11,16,5,0.1880721473592204,7,11,10,14,0.9545632601133482,6,7,16,14,0.842019475600856,4,6,10,11,0.8245525519887326,6,10,13,16,0.970589702617074,3,6,13,14,0.9619191946491193
140,140,140,10,16,14,1,0.4548450517856378,13,16,15,11,0.609531578994673,3,11,16,2,0.6737326336681063,3,6,10,11,0.9793788498245616,3,14,16,11,0.84868007888422,6,10,11,2,0.759408220714743,6,10,11,13,0.8862914031419644,3,11,14,16,0.84868007888422,3,7,10,14,0.9778151240039289,3,11,13,16,0.9737196720703507,3,6,11,7,0.9715276363628396
141,141,141,4,6,7,3,0.8172514277896576,6,12,14,8,-0.4338801860530623,6,7,11,13,0.8736775441367687,3,6,10,11,0.981266141764702,2,3,5,6,0.32896715194923143,3,7,11,14,0.9764119394904895,3,13,14,16,0.8667649952904458,3,6,10,14,0.9492783508640484,3,10,11,6,0.9812661417647021,3,11,14,6,0.9492785035051712,3,6,7,11,0.9733932729891623
142,142,142,9,11,14,12,-0.4031699542161668,3,10,12,9,-0.1933422670312243,3,7,5,16,0.8140012367165567,3,6,10,11,0.9815882859024448,6,7,14,11,0.9756303639588023,10,11,16,7,0.953897423726511,6,11,13,15,0.6584511847848739,10,11,16,7,0.953897423726511,3,6,10,11,0.9815882859024448,3,7,11,10,0.9215661430142066,10,11,14,3,0.9834106067810157
143,143,143,1,6,7,10,0.7142299708357569,2,15,6,4,-0.9650777023702056,11,13,14,12,0.6189009493585181,3,6,10,11,0.9800141880574924,7,11,15,16,0.6470109192442302,6,7,13,16,0.9648972935983617,3,6,7,16,0.9495782122158108,5,6,7,13,0.7967028610845411,7,10,11,3,0.9185032056341588,3,16,1,8,-0.45536030871980193,3,6,10,11,0.9800141880574923
144,144,144,2,13,7,16,0.603100504237353,7,10,16,12,0.6431977046814229,7,5,13,14,0.7909984364659779,3,6,10,11,0.9818839748919288,9,11,4,13,0.09921843422373144,7,11,13,14,0.9191891892597434,3,5,7,11,0.842230387618004,3,6,11,16,0.9465808217877576,3,6,10,14,0.9487221381408915,10,11,13,16,0.9331215534146878,3,6,7,10,0.9735406315037914
145,145,145,4,7,14,16,0.6466422124568656,11,13,2,5,0.227985775259021,6,5,3,4,0.3981201405820748,3,6,10,11,0.9800269869846754,3,7,11,8,0.7122540179683983,11,7,3,9,0.703655845222048,6,11,13,14,0.9743234653685588,3,5,6,14,0.7669004416474167,3,13,7,10,0.8715222230763253,3,6,9,10,0.7319070386810983,3,5,7,10,0.8438582784738959
146,146,146,6,9,13,7,0.6209025198251173,10,15,11,4,0.2150235493930431,1,4,6,9,-1.1074463371499048,3,6,10,11,0.9822046799689136,3,7,10,11,0.922197581498467,7,10,13,16,0.9175997537556387,3,7,11,14,0.9755500948079547,6,7,10,11,0.9221782764380412,10,6,11,7,0.9221782764380412,3,6,7,11,0.9742378151525876,10,12,14,7,0.6464722438242747
147,147,147,1,2,3,11,-0.137991205800996,6,7,10,15,0.7060745519241396,1,2,5,7,-0.9475379444368984,3,6,10,11,0.9819743100691358,3,16,11,13,0.9699225816211798,6,10,8,7,0.7000253859421712,7,11,6,3,0.9739120554352987,6,14,13,11,0.9707765568069661,3,11,13,16,0.9699225816211798,13,16,10,7,0.9167435415562737,3,5,10,13,0.815703814433463
148,148,148,5,10,16,14,0.6969472257440501,7,10,9,5,0.2226964719901183,6,7,9,11,0.6949815673506519,3,6,10,11,0.9821860023018972,3,6,13,10,0.9581862526850944,7,16,10,13,0.9180336408718521,5,11,16,3,0.8257388259017453,10,14,16,3,0.8384020701806293,3,6,10,7,0.9738791502244319,3,6,7,10,0.9738791502244319,3,16,10,14,0.8384020701806293
149,149,149,2,3,8,12,-1.769616366157691,5,10,11,16,0.8438209971660449,2,3,11,8,-0.153777811794306,3,6,10,11,0.9821630294179388,3,11,13,14,0.9710810530770531,10,11,14,7,0.9538641157802605,7,10,11,14,0.9538641157802605,5,6,7,10,0.8387701905669531,13,16,3,5,0.8138331107651033,3,10,14,6,0.9484578529129065,3,5,6,7,0.8596144468640757
150,150,150,1,3,5,14,0.1217376517730863,6,7,16,14,0.8383866147512402,9,13,11,16,0.5556005110815124,3,6,10,11,0.9821143999573916,6,11,15,4,0.24330165912339763,5,7,6,13,0.7924781170012601,6,7,10,11,0.9217783924383085,3,10,11,14,0.9831074735945698,3,13,16,10,0.9697338489530509,6,7,11,14,0.9751618693036388,3,6,7,13,0.9494358887639617
151,151,151,1,3,5,10,0.3048557043989542,6,13,14,5,0.8163118712154248,7,9,13,14,0.5439586726038633,3,6,10,11,0.9820911877274364,6,7,12,16,0.6272357655059528,3,7,16,10,0.9738703811681919,3,13,6,11,0.9580779663915026,5,7,11,13,0.6993925949090637,14,16,3,11,0.8392752366281714,3,6,10,11,0.9820911877274365,6,11,14,16,0.8381893198064875
152,152,152,2,3,8,13,-0.2497682779143091,6,13,5,15,0.2325047123999839,5,6,14,10,0.82555483006354,3,6,10,11,0.9821703813137068,3,7,8,10,0.7013129686793806,16,7,10,11,0.9531483286276301,7,10,16,6,0.973201761134965,3,7,10,11,0.9218168416898235,3,6,7,13,0.9493552298815513,3,7,13,14,0.9632552466247396,3,6,7,10,0.9737728409869489
153,153,153,6,9,10,5,0.292277333746749,6,7,16,11,0.975909198646203,7,10,14,2,0.6721051458476279,3,6,10,11,0.9802060186928664,11,16,6,3,0.9499483940920571,3,5,11,16,0.8323795549910233,3,6,2,13,0.7257042443123682,11,16,7,3,0.9764253318110808,3,6,7,10,0.9718530329316677,3,6,7,10,0.9718530329316677,3,6,10,13,0.9566160629415116
154,154,154,1,4,5,10,-0.5033670824452883,7,11,15,6,0.7151661509287397,3,4,6,11,0.8343067630078164,3,6,10,11,0.9803314235164032,3,10,11,16,0.9836150115940318,3,11,16,10,0.9836150115940318,3,13,14,7,0.9665394700550662,6,16,11,13,0.9727102245361118,3,5,7,10,0.8429800372585301,6,11,13,16,0.9727102245361118,3,6,7,11,0.972393343101149
155,155,155,10,16,3,13,0.9697666872584296,4,6,16,11,0.7765737243397672,4,5,9,10,-0.547804871322179,3,6,10,11,0.9821028510633606,3,6,7,14,0.9480256270588531,10,3,6,13,0.9577502332202408,3,6,10,11,0.9821028510633606,7,10,5,11,0.7708244904768164,3,11,13,14,0.9715268487356737,3,11,13,14,0.9715268487356737,3,10,13,16,0.9697666872584296
156,156,156,4,9,14,1,-1.3488105720254715,6,7,10,3,0.9718041063627424,10,14,3,5,0.835443452125737,3,6,10,11,0.9801096291741762,3,6,11,16,0.9498413442531793,3,6,10,14,0.9518558437757868,7,10,11,13,0.7463171288844781,10,16,13,14,0.9150332696314005,3,6,7,10,0.9718041063627423,10,13,16,7,0.9194226894969798,3,6,7,16,0.9495367636866766
157,157,157,12,13,7,11,0.5555585308914492,1,2,3,9,-1.806031980507882,4,7,10,16,0.7821303713697443,3,6,10,11,0.979832869826912,11,13,14,16,0.916102608232197,6,10,13,14,0.973849412843233,3,6,11,16,0.9505860518162402,3,5,6,7,0.8637633546055492,4,6,7,14,0.7715990060773426,3,7,10,11,0.9178709045007598,3,10,11,13,0.8862882432918955
158,158,158,8,11,3,7,0.7048570720150448,3,4,14,6,0.710429662553574,3,4,11,6,0.8314094895778475,3,6,10,11,0.9814730674573594,3,6,7,10,0.9730899223220137,6,13,16,1,0.5946461490454886,3,10,11,13,0.8883071348952882,3,6,7,11,0.9734552218630891,3,10,11,14,0.9838551549648368,3,7,11,14,0.9764509581053596,6,7,10,3,0.9730899223220137
159,159,159,4,6,5,13,0.3669766356542965,10,16,1,8,-0.4173195631495539,13,2,10,6,0.6782371950464123,3,6,10,11,0.9814033395509406,11,14,6,10,0.9834068071573489,3,16,11,13,0.9710401600617323,5,6,7,11,0.8406000801864003,3,6,7,11,0.9733686659537459,6,7,10,11,0.9203543263195239,6,13,7,10,0.8719351651902583,6,13,14,11,0.9718592420896377
160,160,160,1,3,7,13,0.6431291215292232,4,5,13,8,-0.6038985254571936,3,14,12,6,0.5877396871765076,3,6,10,11,0.9796780763386695,3,10,13,14,0.974721337585208,3,7,13,6,0.9481907698086383,3,7,10,11,0.9178254783238676,3,10,11,14,0.9855746682269627,7,10,11,13,0.7452825799999874,6,7,11,10,0.9178420282843327,3,11,13,16,0.9738500319066041
161,161,161,4,7,13,5,0.2759560036370012,3,14,6,2,0.593838650149882,6,13,7,11,0.8734626875250076,3,6,10,11,0.9814846469234322,3,10,11,2,0.7522586205435273,3,7,13,14,0.9645385396681563,3,7,11,14,0.976414979707233,3,7,11,10,0.9208504406200783,3,6,11,13,0.9578322415246903,3,7,10,11,0.9208504406200783,3,10,14,6,0.9494891506457681
162,162,162,2,4,10,11,0.2607259714130134,2,7,11,15,-0.1778141580180499,6,3,12,10,0.7609306580100609,3,6,10,11,0.9794438281116896,10,11,14,15,0.6685646064744581,3,6,9,10,0.7323809981449245,6,7,13,11,0.8707206192128052,3,10,11,13,0.8859797709671464,3,10,11,13,0.8859797709671464,3,6,10,16,0.951071115877119,10,11,16,3,0.9844374013014769
163,163,163,3,6,12,15,-0.1763832334642168,5,10,11,16,0.8463830803990239,6,14,13,3,0.961099097045442,3,6,10,11,0.9816659746585356,3,10,13,11,0.8888039260527556,3,6,11,13,0.9578357118370946,3,6,10,11,0.9816659746585357,6,7,14,1,0.6232756860119166,3,7,10,11,0.9210570412411736,6,11,13,14,0.9716392649373308,10,13,6,16,0.9699120561042935
164,164,164,3,5,10,12,0.3286331123497369,12,13,16,9,-0.4955907730790652,1,3,10,11,0.7282070181880951,3,6,10,11,0.9812465691654282,5,6,10,11,0.8646688750751903,3,7,11,13,0.8731870322181372,3,6,7,10,0.9729066049432686,3,10,14,16,0.8428203919944184,3,11,16,14,0.8428090694578749,6,13,14,7,0.9644918789183049,3,6,7,10,0.9729066049432686
165,165,165,9,11,13,14,0.5700681693308685,10,12,13,15,-0.313240317894675,14,16,8,11,0.4111725027915531,3,6,10,11,0.9810787942540828,6,7,14,5,0.8162421764056667,6,16,7,13,0.9636391337920974,2,6,10,11,0.753201109298377,3,5,10,7,0.8424824339434943,4,6,7,10,0.7968133173692644,3,6,7,11,0.9731358337902489,11,13,8,6,0.6531720195498344
166,166,166,9,12,14,13,-0.4852182151593553,10,15,5,3,0.3134736922280059,3,6,8,7,0.7264916048717205,3,6,10,11,0.981213476731936,3,7,10,1,0.7107171840995677,7,11,14,16,0.9028475006782765,3,6,10,13,0.9573858616574207,16,3,7,14,0.8432643945654714,3,6,7,11,0.9732423031282386,13,14,6,11,0.9725615238653658,3,6,11,16,0.9479543853280794
167,167,167,3,4,6,10,0.8340116056946393,3,5,13,1,0.2491996615439332,3,4,13,14,0.78115373580542,3,6,10,11,0.9794526528522828,6,11,14,13,0.9747201037407874,11,13,9,14,0.5769447604557699,3,6,14,16,0.7352943061200395,6,7,10,11,0.9172437341891304,3,7,10,13,0.8697628253806935,6,11,13,14,0.9747201037407874,6,10,13,14,0.9743622686444993
168,168,168,14,16,2,3,0.3666458232748212,10,5,9,13,0.1584406555634095,3,11,16,7,0.975073025093172,3,6,10,11,0.9814113986396352,5,16,11,10,0.8465069923143881,7,10,11,16,0.953466756887018,13,14,6,10,0.9715659891276717,3,11,13,15,0.6543906462014824,3,4,7,10,0.795578718555727,3,4,6,7,0.8140456326549363,7,11,14,5,0.8264591282059757
169,169,169,8,11,14,3,0.6170232828477331,10,4,6,3,0.83057285304313,5,6,14,7,0.8135668824100591,3,6,10,11,0.9814777500180604,6,10,11,13,0.8881589552679243,11,14,6,7,0.9759035321843811,1,6,7,10,0.7072470775507371,3,10,5,7,0.840523476162233,3,10,14,7,0.9760862988426934,6,10,13,14,0.9714012906962955,6,10,14,7,0.9755510114231265
170,170,170,1,2,6,12,-1.7285496114051435,4,8,10,14,0.1011123092023709,3,6,11,14,0.94999783267442,3,6,10,11,0.9812661863728924,4,6,7,11,0.7968323361293461,3,10,11,15,0.7291540741902524,5,12,13,14,0.1472959636799107,4,5,7,16,0.3130947660910326,11,13,14,7,0.9195955917157064,3,5,6,10,0.8773052567704903,3,6,10,11,0.9812661863728924
171,171,171,3,4,8,16,0.0362531783010544,3,14,16,13,0.8688411807437795,3,6,14,12,0.5789393090196284,3,6,10,11,0.9809815566659946,7,10,16,3,0.9751421997274413,3,10,13,16,0.9712838555683405,10,11,16,15,0.6563564683082866,3,5,6,7,0.862241226159387,11,9,16,10,0.6196660111350563,3,10,13,14,0.9726023272749872,6,10,11,13,0.887582182408351
172,172,172,2,8,12,14,-2.076462370049557,7,14,13,6,0.9643289550173338,3,7,13,14,0.964846218202065,3,6,10,11,0.9810230461242518,9,11,16,14,0.3831146386907147,6,11,13,16,0.9710281525221885,3,7,11,13,0.872235755410573,3,6,13,14,0.9624401215778122,3,6,7,11,0.9730151038776386,6,7,10,11,0.9197790831145701,6,16,14,11,0.8427392435350136
173,173,173,3,1,9,13,-0.3036645133666025,3,5,10,11,0.8666644325152153,3,6,10,5,0.8800868191749213,3,6,10,11,0.9791421948752972,7,16,14,4,0.6503710139562915,3,6,13,10,0.9557852743607174,3,10,13,16,0.9738605719049068,3,6,7,10,0.9708060692349608,7,10,11,16,0.954244123999595,3,6,7,10,0.9708060692349608,3,5,7,10,0.8428541470435194
174,174,174,8,15,9,2,-4.28747548431698,4,10,5,3,0.4154731258287772,3,10,16,11,0.982267610941961,3,6,10,11,0.9815157028308332,10,11,14,5,0.8492941197424306,3,6,10,11,0.9815157028308333,6,7,11,13,0.8733787242828915,6,13,3,16,0.9594290043407468,6,14,16,9,0.2648497493299762,2,4,6,13,0.211374612218577,3,9,11,13,0.6421111471699271
175,175,175,3,7,11,13,0.8736241275483241,6,7,14,11,0.975618823757144,1,6,10,14,0.6321186173470057,3,6,10,11,0.9817013055678704,7,2,10,11,0.6607547830716346,5,6,7,16,0.8105187467243079,10,14,16,9,0.3770155786059677,3,5,6,7,0.8614101159346034,5,7,11,16,0.8242401134269675,3,6,7,10,0.97335494600737,3,6,7,14,0.9487699718479938
176,176,176,16,12,5,11,0.194799872255611,1,3,4,10,0.2464147154316598,5,16,13,6,0.8161678218575179,3,6,10,11,0.981572816280002,7,11,16,6,0.9742753050136149,7,10,11,16,0.953499671850767,3,7,10,8,0.7045235576489762,5,13,2,7,0.18196237308855,16,7,5,11,0.824565471431568,3,7,16,15,0.6262507527352119,3,10,13,14,0.9718858377279103
177,177,177,8,9,11,12,-1.911644264814226,3,7,10,15,0.712253265191796,7,6,14,10,0.9757366101639068,3,6,10,11,0.9813281884911912,3,6,7,5,0.8624393578141176,3,7,10,11,0.9207075485183526,3,4,10,11,0.8225651660236704,3,6,11,14,0.9496887265423064,3,6,13,14,0.9619310057870065,3,10,13,14,0.9725715121145827,3,11,13,6,0.9579044592257557
178,178,178,7,9,10,8,-0.3044469092682653,14,11,13,5,0.8172455004831403,3,13,14,11,0.97306314170202,3,6,10,11,0.9810072512647228,14,13,11,16,0.9118474454024779,7,13,3,10,0.8717903410803912,3,13,11,10,0.8878247577423175,3,7,10,13,0.8717903410803912,10,11,14,16,0.9100793402934041,10,13,12,3,0.6692640597723222,6,10,11,16,0.9823265606600922
179,179,179,3,5,10,12,0.3318620023960947,8,10,13,2,-0.2976904283756927,11,13,14,16,0.9128444899187468,3,6,10,11,0.9807675551741712,3,7,9,10,0.6989059243692464,10,14,3,6,0.9507890909808149,5,13,16,6,0.8198919546505172,3,10,13,14,0.9731875179544596,3,14,6,10,0.9507890909808149,3,6,13,7,0.9487928841786687,7,16,3,13,0.9642762374851989
180,180,180,3,7,10,15,0.7184669432034179,3,13,14,7,0.9681611697716508,5,10,14,13,0.8236967398954212,3,6,10,11,0.9786044735552724,6,11,14,3,0.9541561580165323,7,14,6,13,0.9676775665453156,7,10,14,3,0.9786851233932864,5,10,11,13,0.7327539459854211,3,6,10,13,0.9555868126284359,3,10,16,2,0.6749690636793717,3,10,11,14,0.9863640682353754
181,181,181,1,11,3,5,0.314850423256175,3,10,13,8,0.6525328086151592,10,11,13,7,0.746651842993945,3,6,10,11,0.98068477828893,3,7,16,6,0.9487038712766049,11,16,5,12,0.2014432466467213,5,6,10,11,0.8648410201305177,3,6,10,16,0.9490495065153369,3,7,10,11,0.9193266872963735,6,7,10,11,0.919328921460126,3,7,11,10,0.9193266872963735
182,182,182,6,13,14,4,0.7847856227093807,2,14,13,10,0.6422602589362653,3,14,4,8,0.0671050051278613,3,6,10,11,0.9783784930594338,3,6,11,14,0.954266365214368,3,13,16,7,0.9674098333789034,3,6,10,14,0.9542694343516323,3,6,10,14,0.9542694343516323,3,6,10,14,0.9542694343516323,4,14,16,3,0.5671072978816274,11,10,7,3,0.9158517151089824
183,183,183,3,15,16,11,0.6572454263885673,4,7,10,9,0.1822061470564099,6,11,5,3,0.8829111601955054,3,6,10,11,0.9775953681760384,11,3,7,8,0.7173155097051735,3,11,14,16,0.8553374502879736,6,7,11,16,0.9779890153311288,3,6,10,11,0.9775953681760384,6,10,13,14,0.9764245157195882,3,6,7,10,0.9693243933489079,3,6,7,11,0.9696781154322923
184,184,184,3,12,6,1,-0.1431143622221509,6,16,13,14,0.8837094714523633,3,7,10,11,0.9131939838788626,3,6,10,11,0.9766400977626422,10,16,12,15,-0.30506733409022635,6,7,10,16,0.9782229846869909,6,7,10,11,0.9132475014454406,3,6,7,10,0.9683944850291265,3,6,7,11,0.9687457547653422,3,6,10,13,0.9544463280270522,3,7,10,13,0.8669662047810367
185,185,185,1,5,15,4,-2.1073973042883503,3,6,16,10,0.9518756279377096,3,9,11,13,0.6539203911835048,3,6,10,11,0.9786297590987374,13,14,6,4,0.7843328585681744,3,11,14,16,0.8518907071357342,7,11,14,3,0.9789804613118072,16,11,8,3,0.6297363469916402,2,3,6,10,0.7763239262744,3,4,6,7,0.8201380345728084,3,6,11,14,0.9537949214509738
186,186,186,3,4,7,10,0.8015481932084121,10,14,8,3,0.6494197845393088,5,11,14,16,0.7317868611789964,3,6,10,11,0.975284299741096,3,10,11,7,0.9110757535833878,3,5,7,11,0.8463075868224567,3,5,6,7,0.8693108342227824,3,6,11,13,0.9537728200801566,3,6,10,14,0.9577556283855924,6,13,5,3,0.8644461592939251,3,6,7,11,0.9673883335957915
187,187,187,10,16,4,14,0.6710898344344542,2,3,5,6,0.3419029087300225,3,10,13,6,0.955131523556375,3,6,10,11,0.9780518425430182,7,13,14,12,0.6091049251765581,10,13,15,16,0.6116516876052203,6,10,11,16,0.9850385543438891,7,9,11,14,0.6242657161149581,3,6,7,10,0.9697326482349954,6,11,14,3,0.9549993667331222,3,6,7,10,0.9697326482349954
188,188,188,16,3,4,6,0.7212623149445971,1,9,10,5,-0.9823713281415518,3,4,10,16,0.7918408586182638,3,6,10,11,0.9781431926618328,3,11,16,14,0.8540253773004298,3,7,11,13,0.8688476986038112,6,11,13,14,0.9760016364639018,11,16,7,9,0.6183116869920198,6,9,11,13,0.6520910508793645,3,7,11,13,0.8688476986038112,3,10,11,7,0.9151803831335689
189,189,189,12,13,15,14,-0.390702392352086,3,5,7,14,0.8266388668445852,1,5,6,16,0.1462324620952182,3,6,10,11,0.978095235467069,7,10,11,14,0.9551682214396268,3,7,6,15,0.7447271543978995,3,5,6,7,0.8661693072853753,3,6,7,10,0.9697856897912954,6,7,10,16,0.9773271204568302,3,6,7,10,0.9697856897912954,3,5,7,10,0.8436368963658332
190,190,190,9,14,10,3,0.6186260619766226,3,6,8,12,-0.173662773890348,3,6,11,13,0.955448595404096,3,6,10,11,0.9781195069839804,3,10,11,14,0.986760889432173,6,7,11,15,0.7186434498626764,3,11,16,10,0.9855048658181089,3,16,6,11,0.9531213615301398,3,6,7,14,0.9546753430141279,6,7,11,10,0.9151129930194122,6,10,11,13,0.8840461801610301
191,191,191,4,2,16,14,-0.1173890547368241,3,10,16,1,0.6468200588432536,6,14,16,11,0.8529596530122645,3,6,10,11,0.9782046481174936,7,9,14,16,0.3972956668597091,3,13,16,15,0.620807676404465,7,10,14,16,0.9112346728773169,3,7,10,9,0.7048477344164977,5,6,7,11,0.8431707454131363,3,7,10,16,0.9777372479869495,3,6,7,10,0.9698628831276112
192,192,192,10,13,15,1,-0.3185166754509412,6,11,10,12,0.7495971315048866,5,11,15,16,0.2119531871695301,3,6,10,11,0.9776180489370148,3,13,16,11,0.9760276173333989,10,11,3,1,0.7377778536256102,3,5,11,16,0.8407395340453729,3,6,7,11,0.9696902817693318,3,5,7,13,0.7991007797304247,3,6,10,11,0.9776180489370149,6,7,9,10,0.706928528761674
193,193,193,16,14,3,6,0.7513305888600084,4,7,15,16,0.1357988698951053,11,14,6,3,0.9584940570997572,3,6,10,11,0.9749194193670356,2,6,7,8,-0.1250797444682583,3,7,13,6,0.9446237762413466,4,6,10,14,0.8014718569477315,3,11,16,6,0.9567742511473156,3,11,13,14,0.979099942970722,3,6,11,13,0.9531934580122043,13,16,4,6,0.791516207207465
194,194,194,13,14,9,16,0.3965764575060663,1,6,15,11,-0.1530415044372741,6,10,16,11,0.9854956650356128,3,6,10,11,0.9773674614175916,16,4,3,6,0.7240324378823818,10,11,3,16,0.9859788352921367,3,6,10,9,0.7389344257188168,6,11,13,16,0.9756638084149292,3,4,6,7,0.8206618523593452,3,7,10,13,0.8672199449560506,3,10,11,14,0.9871935202348128
195,195,195,6,16,9,7,0.620711105259383,13,12,4,8,-1.0964914671412198,10,11,14,16,0.9267790591146052,3,6,10,11,0.9741804315479148,6,10,13,3,0.9525228646304762,3,6,11,13,0.9528825115555171,3,9,10,11,0.7324486621472199,3,7,8,10,0.7225222644624428,3,10,16,14,0.8646288696123904,3,10,11,7,0.9093149832654713,6,13,10,11,0.8796674757857679
196,196,196,4,7,13,6,0.7549984967122301,3,4,7,10,0.8007914520296353,3,6,8,11,0.7511608309404258,3,6,10,11,0.9769671980805862,6,7,16,8,0.6265928027654599,6,13,7,8,0.6471412419559046,6,9,10,11,0.7266479787961427,10,7,6,16,0.978041755096603,3,6,10,11,0.9769671980805862,3,6,7,11,0.969060970117806,3,6,7,11,0.969060970117806
197,197,197,7,10,14,3,0.9810861920898066,3,7,9,10,0.7160309046898303,11,13,14,12,0.6436566870914008,3,6,10,11,0.9738850499329108,6,8,11,16,0.6485987168594098,16,11,6,3,0.9573109381253442,3,6,13,14,0.973505709734432,16,6,14,13,0.891560284630023,3,6,10,14,0.9589923834662276,3,7,11,16,0.9803808638077359,3,14,16,11,0.8650320670109624
198,198,198,1,3,13,14,0.6412402865520455,3,6,10,16,0.9571837889124024,1,8,11,14,-0.338745754286035,3,6,10,11,0.9739364266838986,11,7,8,13,0.5540045444995465,7,12,13,16,0.622542110290094,3,13,14,16,0.8923136036192663,2,7,10,3,0.7509720845445911,6,10,11,13,0.8797430748047084,3,7,10,11,0.9091790833484462,6,10,3,14,0.9588574799223736
199,199,199,4,10,13,14,0.7830669615779575,6,7,8,10,0.716386322291567,10,16,1,3,0.6519052897441644,3,6,10,11,0.9774619424727776,14,16,7,11,0.9130838713797561,7,10,11,13,0.7415698633355636,6,13,14,11,0.9768018198216701,1,3,10,14,0.6569605745778007,5,6,11,3,0.883423068494802,6,10,11,13,0.8839001398592404,3,6,11,10,0.9774619424727777
200,200,200,14,15,6,9,-0.4156078291229024,2,11,7,6,0.7501563449620829,6,7,15,14,0.6636514372764855,3,6,10,11,0.9746111712671268,4,10,16,7,0.7953404802867627,3,4,11,14,0.8050223113773515,3,10,11,16,0.9873056684212486,3,6,11,16,0.9565507392670903,10,11,13,7,0.7368071086952619,6,7,8,10,0.7221517662800568,3,6,11,13,0.9533543906716325
201,201,201,11,13,14,2,0.647025575706774,3,7,14,6,0.9551631133850076,9,10,11,14,0.6440827445959969,3,6,10,11,0.9774411104982544,7,10,11,14,0.9552286889533855,11,7,10,3,0.9143424497395193,3,10,14,11,0.9870207921640056,6,11,14,16,0.8546507729485882,3,6,10,14,0.9554301894689186,3,6,7,10,0.9691821318977083,3,14,16,11,0.8556693842398293
202,202,202,14,9,5,15,-1.2236817149998993,10,13,16,3,0.9752729302511216,10,16,13,14,0.9213439870727668,3,6,10,11,0.9779058604632614,7,14,16,10,0.9117547330508694,3,6,9,13,0.6936234995849526,6,7,13,10,0.8682119022729377,3,7,11,16,0.9782156050820427,3,4,6,10,0.8371599126667519,7,11,13,16,0.9209797010208228,16,14,10,7,0.9117547330508694
203,203,203,4,7,13,14,0.7573196309506619,8,9,14,6,-0.498146784733638,13,14,6,10,0.9758538271568148,3,6,10,11,0.9779529746494324,3,2,10,9,-0.13850151644804765,3,11,13,1,0.6664755286270532,5,6,13,16,0.8299833281851099,5,6,7,13,0.79822154759655,3,6,7,10,0.9696792031098657,6,13,10,14,0.9758538271568148,3,6,10,11,0.9779529746494324
204,204,204,9,10,6,4,0.2463055782820278,3,7,14,16,0.8552431569240957,13,1,7,16,0.5943013437945539,3,6,10,11,0.9776803392314408,1,3,15,2,-1.7088886037336755,6,7,10,13,0.8682158540354021,6,11,7,16,0.9778433202024841,3,14,10,16,0.8548247603645747,10,16,3,8,0.6337921620545266,6,16,13,10,0.9750682332540799,6,10,11,14,0.9863513784194926
205,205,205,1,3,11,12,-0.1351338497624101,3,11,15,16,0.6547103206457716,3,5,6,7,0.8668717064226932,3,6,10,11,0.9782456990832336,6,7,11,14,0.978728321129848,3,7,11,10,0.9156754315253846,3,13,16,10,0.9750322190777003,3,4,6,11,0.8376943970831977,10,7,11,3,0.9156754315253846,3,6,7,10,0.9699887593170656,3,6,10,11,0.9782456990832337
206,206,206,7,9,3,12,-0.1911476419758164,10,14,5,3,0.8414820642073947,3,11,16,7,0.9780836853563136,3,6,10,11,0.9781009481011664,10,16,6,13,0.9745388018849406,3,10,11,16,0.9854054755459964,7,10,3,15,0.7197457763936081,3,6,7,11,0.9701636777924433,3,7,10,11,0.9152307282681128,3,5,10,14,0.8414820642073947,11,13,6,4,0.7789807775361405
207,207,207,8,10,12,4,-1.0008948174220935,3,13,6,10,0.9550607690039952,14,9,10,13,0.5860775933962878,3,6,10,11,0.9777369273583054,5,6,11,13,0.8226170801886994,3,6,7,10,0.9694626399860266,3,5,6,13,0.8614651869114598,15,3,14,2,-0.3260045081622134,3,6,13,14,0.9684651397275889,3,6,7,10,0.9694626399860266,3,6,7,10,0.9694626399860266
208,208,208,8,13,15,3,-0.2478510729307981,16,14,3,12,0.3905079815197396,3,6,11,14,0.9579974869128276,3,6,10,11,0.97515932228408,13,16,1,6,0.6293551194268986,3,6,7,10,0.9668976545145036,3,5,10,13,0.8238362130787305,3,11,16,14,0.8621198540841846,6,7,16,14,0.861550353469275,7,10,11,14,0.9551287558093268,3,6,14,7,0.957732872505864
209,209,209,4,9,15,10,-1.0309101686367383,7,16,3,14,0.8619734727127804,3,6,7,4,0.8228221273579281,3,6,10,11,0.9754422977597264,3,5,13,11,0.8242212553334984,3,10,16,11,0.9870407075223967,10,11,14,16,0.9243337133059283,10,13,16,3,0.9774325525314143,6,7,16,4,0.7821565516688525,3,7,11,16,0.9797225459846874,3,11,14,13,0.9787786273796129
210,210,210,1,6,16,14,0.3802383335335149,7,11,13,14,0.9224143049024576,3,11,13,16,0.97848798166962,3,6,10,11,0.9745473097048616,7,16,12,10,0.6743800951402178,8,10,16,2,-0.29166643459419195,3,6,11,14,0.9585393152461271,6,7,10,11,0.9099542657193732,6,10,13,14,0.9786558124780511,3,13,11,5,0.825189469277286,3,6,11,12,0.774718541451455
211,211,211,7,8,12,14,-0.3621488017507848,6,14,2,8,-0.3645415825861682,6,11,13,3,0.954988963727842,3,6,10,11,0.977567063538436,3,7,14,16,0.8562615644837513,13,3,14,7,0.9689344962474501,3,10,11,13,0.8831883764815693,3,6,10,11,0.9775670635384361,3,7,10,14,0.9793866152466236,6,10,11,13,0.8832371055038507,3,13,11,14,0.9769153616464101
212,212,212,7,13,15,14,0.6106282771735474,1,13,15,3,-0.2360255394569201,3,7,11,1,0.7252301520483104,3,6,10,11,0.9752179074101756,5,14,4,13,0.3467908522486176,3,6,11,13,0.9535006518888388,7,14,3,16,0.8625096229716784,3,7,10,11,0.9107684717476928,3,6,7,11,0.9672918768253436,6,10,11,16,0.986672231354568,3,6,11,13,0.9535006518888388
213,213,213,13,9,2,6,-0.2364546484798277,13,16,14,5,0.7240216689391683,6,3,11,1,0.7537006976658812,3,6,10,11,0.9781123334200938,7,11,13,14,0.9212997314574827,3,5,13,16,0.8304557758426521,3,10,16,7,0.9777628242645221,3,6,7,10,0.9698099850833545,4,10,13,7,0.6579195830641941,3,10,13,16,0.9750621892980723,3,6,7,11,0.9701659957176271
214,214,214,13,8,5,9,-1.1269999255657943,3,4,11,14,0.7959504015623058,3,13,10,14,0.976336541781079,3,6,10,11,0.9781436899423108,6,7,10,15,0.7199041218700563,4,6,11,14,0.794571350653356,11,13,14,16,0.9211498392332199,10,13,14,16,0.9208149237870786,3,6,9,11,0.7385846429968029,3,6,7,16,0.9523217846993802,3,6,7,16,0.9523217846993802
215,215,215,3,5,9,11,0.3197864599166674,6,8,13,1,-0.2573424058926676,10,11,6,3,0.9755483791329412,3,6,10,11,0.9755483791329412,12,13,14,3,0.6479815230867275,3,6,11,14,0.9573647028864578,7,10,14,16,0.9169731180275381,6,7,11,14,0.9802649407334838,11,13,14,7,0.9225417249700756,3,13,14,16,0.8878804086479053,3,6,10,16,0.9556202139015477
216,216,216,3,8,11,16,0.6313161563397125,13,14,11,7,0.9214206856782295,3,7,12,8,-0.1709545762897304,3,6,10,11,0.9781856220142487,3,5,7,10,0.8441646580284755,7,10,13,14,0.9207195954612865,6,7,11,16,0.9775392928198191,10,11,13,16,0.9355289368737463,6,11,14,10,0.9861089284025595,3,10,13,7,0.8685552731144344,7,10,11,13,0.7424822341435383
217,217,217,3,12,14,2,-0.3087357303221578,5,3,9,1,-0.97585303942482,3,5,6,7,0.8670046161764209,3,6,10,11,0.9776580555382706,3,15,14,6,0.5935420933851406,6,10,11,13,0.8838931072309113,1,11,16,7,0.6513490985909495,10,11,14,9,0.642682953626059,3,7,11,16,0.978414445746042,3,6,11,14,0.9552935825796153,3,6,13,7,0.9467954901347436
218,218,218,1,2,7,8,-1.7748273257538365,12,16,3,7,0.6556443274594927,6,10,5,4,0.4275624361663867,3,6,10,11,0.9773047458958716,6,7,11,10,0.9141357265900407,6,10,11,13,0.8835304271536571,6,10,14,9,0.6222528153519394,3,5,7,14,0.8291412564220192,3,10,11,14,0.987159042985515,6,7,11,13,0.8682945069129945,3,6,16,11,0.9538249704545089
219,219,219,2,9,10,16,-0.3412584373986074,5,6,7,8,0.2956660574509769,16,12,6,8,-0.4095345307376452,3,6,10,11,0.977529863472641,3,5,6,10,0.8823090949518964,3,6,7,10,0.9692508989172399,3,7,14,16,0.856002648646631,3,6,10,13,0.9549504053023289,2,3,10,16,0.6800974467957351,3,6,11,16,0.9535642851209996,3,6,10,16,0.953568334242294
220,220,220,2,7,11,13,0.5745810239827414,3,15,7,11,0.7226826993020048,6,13,16,10,0.9753917897045056,3,6,10,11,0.977453706468962,3,13,11,10,0.883792375573425,7,16,13,4,0.7569788651231648,3,7,10,11,0.9143909275603582,7,10,6,13,0.867905805786763,3,6,11,13,0.9553196599657887,3,13,16,6,0.9671821064896199,3,6,10,11,0.977453706468962
221,221,221,3,4,10,11,0.8270596107948187,7,14,6,3,0.9581908014932026,5,6,7,10,0.8449157809198892,3,6,10,11,0.9744803732942472,3,6,10,11,0.9744803732942473,1,11,10,14,0.6834201446425718,6,14,16,10,0.8625889253364198,3,6,10,11,0.9744803732942473,10,11,13,7,0.7365215455243314,6,10,11,14,0.9880059649175877,3,7,10,11,0.9099383158078717
222,222,222,3,13,15,14,0.6428465602358249,4,16,10,14,0.6859444979466746,6,7,3,5,0.8700397670812182,3,6,10,11,0.9747699395095192,13,16,3,7,0.9705582282361943,3,7,10,13,0.8647098818126119,3,4,14,16,0.5851268984636827,6,10,16,11,0.9867681279998457,6,7,11,12,0.7391369790409386,11,14,16,13,0.9294635825213123,3,10,11,13,0.8806056962231349
223,223,223,15,10,7,6,0.7251232741166294,6,15,10,7,0.7251232741166294,4,6,13,15,0.2096771642278332,3,6,10,11,0.9748463641105742,3,11,14,16,0.8629039290308367,4,10,11,14,0.8205855822524142,1,6,10,11,0.7421919754505732,10,11,16,13,0.9364592070171498,3,7,10,11,0.9102674117602153,3,6,7,10,0.9665875845532562,6,7,11,2,0.7489118444181599
224,224,224,12,15,1,3,-1.7575152093528752,3,4,7,13,0.7548776466957086,13,14,10,16,0.9222526447463952,3,6,10,11,0.9775474712992822,7,15,6,5,0.30529767836710886,7,11,16,14,0.9129317111702691,8,10,11,13,0.5706952454160643,6,9,10,14,0.6210447583735865,6,7,10,13,0.8676797432427071,13,12,3,7,0.6628822822565653,6,7,14,10,0.9788546734364589
225,225,225,3,11,14,16,0.8639132668255319,7,13,14,16,0.9236508591864324,6,7,15,3,0.7564700323618275,3,6,10,11,0.9741213011626424,3,8,10,11,0.7426080288236936,3,6,13,7,0.944677624268164,3,6,11,16,0.9567243751813167,10,11,14,16,0.9263926360696345,3,11,13,14,0.9798295703693589,4,7,10,13,0.6615900777470289,3,6,11,14,0.9584104013336076
226,226,226,7,9,10,11,0.6423171653514652,3,7,10,1,0.7277133656400148,3,6,10,14,0.9584336469144724,3,6,10,11,0.9743089638612866,3,10,14,13,0.9792814822224459,10,11,16,7,0.9547316480936755,3,4,7,10,0.8027573587334969,10,13,16,14,0.9300117059927764,3,6,10,11,0.9743089638612866,6,11,16,7,0.9796772548074668,10,11,14,3,0.9884254941306406
227,227,227,3,8,10,13,0.6735789349507948,6,11,16,12,0.677990326791168,4,7,3,10,0.803492106743197,3,6,10,11,0.9740723036754828,5,6,11,14,0.8513109512787275,3,6,7,10,0.9659093137245335,6,13,7,5,0.8023546383680125,3,6,10,11,0.9740723036754828,3,5,6,10,0.8863474348590984,6,7,11,14,0.980779889892375,6,7,14,16,0.8634783846300281
228,228,228,4,5,11,3,0.430414146576797,1,6,13,14,0.6246160607500951,6,10,14,16,0.8557460422502423,3,6,10,11,0.977182294224188,4,6,11,3,0.8384174177040755,3,13,14,6,0.9691626507952721,6,16,13,10,0.9752137794946929,6,11,13,14,0.9766557621761329,6,10,11,14,0.9867291072535959,3,6,10,16,0.954169581309955,3,6,16,11,0.9541661369305765
229,229,229,3,6,10,12,0.7691115072204637,5,11,16,4,0.3690169822595305,3,6,11,16,0.9536510470610248,3,6,10,11,0.9772070607113044,3,6,7,13,0.9465967533788331,5,6,10,13,0.8229652989456921,4,6,13,14,0.7890858395869642,3,10,11,16,0.9858318724766539,3,6,10,11,0.9772070607113045,10,13,3,7,0.8675779651857685,3,6,7,13,0.9465967533788331
230,230,230,7,8,11,14,0.6440458073638364,3,16,15,1,-0.3863442013352793,5,6,10,16,0.8402211761395011,3,6,10,11,0.9772397863025024,7,13,14,15,0.6035891326564198,6,13,16,15,0.6255829062384781,3,10,11,14,0.9870709143723807,1,3,7,11,0.7223206640490154,3,6,13,16,0.9672050810136804,3,7,10,13,0.867057824597217,3,6,7,10,0.9689789141247473
231,231,231,9,1,13,16,-0.4790863404595518,9,16,12,8,-2.222979119854653,3,5,13,11,0.8253800749607436,3,6,10,11,0.9773723730317234,11,16,3,13,0.9759446143573909,3,6,11,13,0.9552163246638764,3,6,7,11,0.969536932233401,6,11,3,16,0.9532123225790211,3,7,10,11,0.9144829277256399,3,10,11,13,0.883785139638158,6,10,11,16,0.9851063303971492
232,232,232,3,9,10,14,0.6267736256512282,3,9,10,12,-0.1613237943531116,7,10,11,3,0.913573872641679,3,6,10,11,0.9768947626532656,3,6,13,14,0.9692470622716536,1,5,6,11,0.335082699775581,11,3,7,10,0.913573872641679,3,14,15,6,0.5986210487751078,6,10,11,3,0.9768947626532656,3,6,11,13,0.954695443239736,6,10,11,13,0.8829170328957315
233,233,233,1,5,7,10,0.2672632465554798,7,14,5,12,0.2128244822175107,3,6,14,16,0.7438745569631442,3,6,10,11,0.9767397787285904,3,5,6,7,0.8694580314729099,7,13,16,14,0.9170318591905257,10,14,13,7,0.9211418075581603,5,6,10,11,0.8691818857398199,3,6,7,10,0.9685487344380197,3,7,11,14,0.9799512655914752,6,11,13,14,0.9770499857233117
234,234,234,2,14,8,7,-0.2876404809465971,6,13,7,3,0.9441504729335712,3,7,10,16,0.9800352375933536,3,6,10,11,0.973355141111629,3,13,14,15,0.6500285751810366,10,13,3,4,0.7851037191710772,3,14,13,11,0.9801400872978826,8,10,11,6,0.744187497464416,1,13,14,10,0.6330511792103113,11,13,16,10,0.9372574483441528,3,4,9,11,0.27027140095440016
235,235,235,3,11,4,6,0.8409484286238804,11,12,7,3,0.7385960928242021,7,11,10,4,0.7307625528575359,3,6,10,11,0.975911941045257,5,10,16,11,0.8616405214672576,3,6,13,10,0.9537324140362907,3,6,7,14,0.9567018446992824,2,3,5,6,0.355045261482563,3,6,11,13,0.9540922151983487,3,10,13,15,0.671852385341547,10,11,16,6,0.9860805686438301
236,236,236,13,6,9,12,-0.2466651244837232,15,3,9,8,-1.8624793942952689,7,15,16,10,0.6659591813968552,3,6,10,11,0.9752274220997674,1,7,10,6,0.7260195035480148,10,14,7,11,0.9552283637903997,6,7,13,3,0.9453008213929611,3,5,7,11,0.8476107896512415,5,7,16,14,0.7183391172489721,3,4,6,10,0.8411962168756753,10,11,13,6,0.8812686520663952
237,237,237,15,16,11,9,-0.3436471404381314,3,4,14,15,0.138031900346039,3,10,1,2,-0.0691211432776155,3,6,10,11,0.9714175259774452,4,7,10,13,0.6616270370690644,3,7,10,16,0.9807298947511541,3,7,11,16,0.9810574302541217,3,6,7,10,0.9632649080832512,3,10,11,16,0.988256565897651,3,5,6,7,0.8730068850933249,3,6,7,10,0.9632649080832512
238,238,238,4,11,9,1,-1.028221108974205,3,11,14,5,0.8509352880524572,3,10,11,14,0.9881254599000852,3,6,10,11,0.974874717531799,11,13,14,10,0.9368700532366119,3,6,10,11,0.974874717531799,7,10,11,13,0.7370349442448852,3,5,16,11,0.8484483716343236,3,6,10,14,0.9578946094146306,6,11,16,15,0.668193154610738,3,10,16,6,0.956167857561726
239,239,239,13,3,6,8,0.7246726412896037,8,16,6,10,0.6604067404413598,5,10,14,11,0.8721016480784228,3,6,10,11,0.971034377860572,6,11,4,7,0.8055577181134826,3,6,11,14,0.9604616666543994,3,10,11,13,0.8765067217002536,8,10,16,7,0.6617374549338996,14,16,13,6,0.8975061887737529,3,6,10,13,0.9504330849936111,3,10,13,9,0.6729183490182522
