,Unnamed: 0.3,Unnamed: 0.2,Unnamed: 0.1,Unnamed: 0,a-a0,a-a1,a-a2,a-a3,a-r,b-a0,b-a1,b-a2,b-a3,b-r,c-a0,c-a1,c-a2,c-a3,c-r,d-a0,d-a1,d-a2,d-a3,d-r,e-a0,e-a1,e-a2,e-a3,e-r,f-a0,f-a1,f-a2,f-a3,f-r,g-a0,g-a1,g-a2,g-a3,g-r,h-a0,h-a1,h-a2,h-a3,h-r,i-a0,i-a1,i-a2,i-a3,i-r,j-a0,j-a1,j-a2,j-a3,j-r,top-a0,top-a1,top-a2,top-a3,top-r
0,0,0,0,0,1,6,10,14,0.934490191616747,5,11,16,18,0.0376598073086074,13,16,18,29,-0.11847317714836,7,17,18,22,0.8653118365321156,5,6,17,24,0.8665544530411546,5,14,16,21,0.2275514061760619,6,19,27,38,0.8419890882847844,5,10,17,22,0.8623282647883699,5,18,33,34,-0.756463671289135,5,6,10,13,0.6995440150148089,1,4,10,6,0.9625777797093765
1,1,1,1,1,1,6,12,26,0.9706373599760432,3,5,6,11,0.6032537051620026,4,8,10,19,0.9765597317742408,8,26,30,33,0.8502411059315881,13,18,26,38,0.1148331007492079,5,10,16,19,0.6174571884445974,8,27,34,43,0.8396501594054925,8,21,39,48,-0.3341834435460808,5,6,10,13,0.7069584538588494,5,10,13,15,0.2345381661681523,1,4,10,6,0.9584138720169741
2,2,2,2,2,1,7,14,15,0.8337705475556153,17,21,23,32,0.9067889545480564,7,8,25,32,0.957779649663717,9,10,20,22,0.9785935435610652,6,17,18,19,0.8409268713128286,5,6,10,17,0.8990178937147835,5,13,17,18,0.1059219602600354,5,6,18,43,0.6177113101833531,5,6,13,16,0.2369300514766,5,6,10,13,0.7051931951126265,1,4,10,6,0.9597477413082213
3,3,3,3,3,11,19,43,44,0.7442182584278276,21,27,31,54,0.868722893356521,5,10,21,22,0.6666111704933912,6,16,19,25,0.8548655167473058,6,10,20,25,0.9727363246951092,13,16,17,21,0.0447307085351681,10,19,20,49,0.8087002798601013,6,10,19,28,0.8612208070692292,6,8,10,19,0.9782677210283844,13,18,21,23,0.2905584842380688,1,4,10,6,0.9597632858224631
4,4,4,4,4,7,8,13,22,0.9269954070972944,1,5,19,21,0.6208841270613505,6,8,13,14,0.9654590257971668,5,7,13,14,0.8263926779287347,5,8,10,27,0.9462046900475416,6,13,17,26,0.8850747332906268,8,13,19,20,0.8732791868939678,8,10,16,21,0.5688011013773313,5,6,8,13,0.6556607453154267,7,10,13,17,0.9254161453230488,1,4,10,6,0.9641604093744933
5,5,5,5,5,6,23,31,35,0.9631165289974288,2,21,27,33,-0.0278125119919503,16,21,22,24,0.417208100364922,7,8,18,19,0.8536218085420982,8,13,16,17,0.5265097203122895,5,10,17,19,0.8704498736561579,5,6,8,19,0.912466428589191,5,8,31,34,0.608078716885563,5,16,32,40,0.1545604674808555,5,10,17,21,0.6474369389732186,1,4,10,6,0.9607162379834115
6,6,6,6,6,2,6,8,16,0.5366891504583939,4,19,33,35,0.7916720367955477,10,13,22,26,0.8464962846316602,4,7,10,17,0.968171465180354,10,19,26,41,0.7970288976645789,5,10,16,21,0.1894542435902654,20,23,35,43,0.9729197768751124,5,6,11,27,0.9047739116500638,3,5,17,18,0.0655805232564428,5,6,17,19,0.8659881470009281,1,4,10,6,0.9644951255463795
7,7,7,7,7,25,26,41,42,0.6430324789790205,5,10,13,14,0.7858333566740802,9,14,15,16,0.4327391204799882,1,6,9,10,0.9740456285592216,8,17,18,25,0.8068387753436215,5,6,11,17,0.8589215522628889,5,10,13,14,0.7858333566740802,5,7,8,13,0.715524821225801,2,5,10,13,0.2562222658605219,6,8,11,17,0.9789306229541348,1,4,10,6,0.9649014406586899
8,8,8,8,8,6,10,27,31,0.9551030410389396,13,21,23,33,0.2294297606374427,3,11,18,19,0.5606104717853868,10,13,25,26,0.918750665492862,17,18,19,20,0.7970391573962247,5,10,13,20,0.6607245176263783,6,8,10,24,0.9552453642483631,6,7,8,10,0.9463189019245614,5,13,17,18,0.0988356434154015,5,6,7,13,0.7630832626147794,1,4,10,6,0.9614269085505265
9,9,9,9,9,5,8,12,13,0.4661089521499664,10,13,27,30,0.924219997901855,6,25,29,32,0.9833933247225992,5,12,16,17,0.3095331259120817,7,13,17,19,0.8939437043421776,10,21,24,26,0.843278089264613,6,10,17,19,0.9806218421727326,5,6,8,13,0.6545963213961283,18,21,27,41,-0.0997389457767365,5,6,10,13,0.6963102481587735,1,4,10,6,0.964395431489472
10,10,10,10,10,13,17,18,21,0.0962193669133302,3,5,9,19,0.5185687712496005,8,10,13,19,0.9157742558862296,5,34,44,50,-0.7380425129736177,2,10,18,20,0.5754203928107202,6,17,19,21,0.8488714276287165,6,13,19,27,0.9436301924035112,10,13,21,32,0.7495413501766239,5,16,19,21,0.0512031295197694,6,10,13,16,0.7012920605565753,1,4,10,6,0.9604535192638003
11,11,11,11,11,6,13,14,16,0.72782890519882,1,10,17,38,0.826034137950394,11,17,22,25,0.9624607062485796,11,20,48,53,0.768377792994833,4,5,19,20,0.8881449621595751,1,5,10,13,0.6558104863759856,5,8,9,16,0.5240575013408887,8,30,37,47,0.8437897289386491,10,13,17,20,0.8586446889495685,3,5,7,10,0.7464330454805426,1,4,10,6,0.9644877584270997
12,12,12,12,12,1,6,13,22,0.8952459194483832,5,7,13,18,0.3503681903887247,5,23,25,37,0.938161799577326,5,6,8,18,0.6920750275394807,5,21,23,24,0.6915712005938444,5,10,17,19,0.8662294929608121,6,17,36,37,0.9488488091186884,5,6,10,14,0.9609108557430346,10,16,19,21,0.4835508027990085,6,10,13,18,0.7313302552744508,1,4,10,6,0.9639021165779462
13,13,13,13,13,4,10,15,22,0.8002020864329945,5,13,16,21,-0.4876303821657066,22,35,89,93,-0.2744261616537098,10,34,37,61,0.4790424074984982,21,22,27,33,0.5210617465025325,10,27,41,43,0.8198002621695999,19,21,34,37,0.4871981841318091,3,8,13,17,0.4881938077858048,11,18,19,20,0.8300389169541307,5,10,13,18,0.2820642098448581,1,4,10,6,0.9640532232534614
14,14,14,14,14,10,11,20,23,0.960436249757513,5,9,15,22,0.5198736895103311,2,4,5,9,0.5894926628414222,5,16,17,21,0.0162406200557867,6,7,8,16,0.8912564593053587,5,8,10,13,0.6549832368384487,6,10,24,27,0.9164053149438216,8,14,21,27,0.878804235195611,10,14,16,17,0.8556111560240693,3,5,8,10,0.6423014629315402,1,4,10,6,0.9644849313982515
15,15,15,15,15,1,15,23,31,0.8859883598457375,8,17,19,30,0.902098053697583,5,8,20,21,0.6536193909500707,8,16,17,22,0.8239869506164744,8,19,22,38,0.7999268194451652,6,13,16,17,0.59710880110281,6,10,31,33,0.9003498727086592,5,8,10,13,0.6616198216770605,5,6,10,16,0.6925214142226369,5,8,10,18,0.6968385623901083,1,4,10,6,0.9609778489686968
16,16,16,16,16,6,23,27,29,0.962243003062256,4,8,22,25,0.9726724760855208,5,17,19,22,0.8303749303659005,6,13,24,25,0.8991022969949798,2,5,33,37,0.1323268191124949,19,20,21,27,0.8730828988682444,21,22,49,50,-0.2003240773466206,5,8,10,13,0.6548218608541416,6,7,10,19,0.9396799360893684,2,5,6,13,0.2598626534009982,1,4,10,6,0.9641269508325292
17,17,17,17,17,2,5,26,34,0.0858841952722219,17,19,33,38,0.2933016439490188,5,11,16,20,0.5728890494876872,20,25,32,49,0.8406440644670122,1,7,10,11,0.9511699649167707,5,13,18,21,-0.4106072244772667,6,17,19,27,0.974449448120742,5,16,17,23,0.594487321491448,5,8,17,18,0.548434165887073,5,6,8,10,0.930270326131394,1,4,10,6,0.9645877290991483
18,18,18,18,18,7,23,25,26,0.95531824763559,13,24,25,33,0.5915606796555553,19,22,27,35,0.923427059458525,4,9,14,16,0.8551794969974067,3,8,14,17,0.8953486649912615,5,6,10,16,0.6883900841630528,4,5,8,17,0.8463489962995938,5,10,18,19,0.6456125975261138,5,10,17,18,0.6219338098193985,5,21,30,31,0.581510324358478,1,4,10,6,0.9644029960612569
19,19,19,19,19,2,7,12,15,0.2499637018854816,1,3,6,8,0.9062660282895773,11,16,17,18,0.4308434829398893,5,10,20,30,0.8703787648793557,7,13,19,26,0.9274394574250512,5,6,8,17,0.8591775273686406,5,7,10,13,0.7632940690561589,21,25,26,31,0.903188514252778,13,14,17,20,0.9042329786556256,5,8,13,18,0.2180298498403232,1,4,10,6,0.9610156136370297
20,20,20,20,20,1,8,15,17,0.7903891956725424,8,10,13,28,-408.7366637466997,7,11,19,32,0.9225780011694726,17,31,32,38,0.8274293841311963,13,16,21,25,0.1486655962035663,33,34,42,53,0.2092091775973064,10,16,20,21,0.5726979943417381,13,17,18,19,0.5414074750099114,10,17,19,20,0.9679175513781384,5,6,7,10,0.9548445106660828,1,4,10,6,0.9608339266920288
21,21,21,21,21,6,13,18,20,0.7023005523935446,13,17,19,31,0.8233286923396822,13,31,36,38,0.2890143532131271,6,19,21,29,0.7645081711062724,5,10,13,18,0.2896980860734303,8,13,17,21,0.5808838559599876,5,20,22,25,0.8769626906874283,5,6,7,10,0.954471292169334,10,13,21,27,0.7707300732493838,6,7,17,20,0.9563721206194704,1,4,10,6,0.9612307575780561
22,22,22,22,22,3,23,24,38,0.633669145508944,3,11,12,21,0.4238422597582609,13,18,20,21,0.193378055086234,5,10,19,22,0.8688242156936569,5,10,13,15,0.2244360192014534,5,18,19,21,0.1015600025565504,5,10,17,21,0.644331425080272,5,6,8,13,0.6612535134171136,5,6,10,13,0.7015546607423362,5,6,8,10,0.9318987209482108,1,4,10,6,0.9613401390447255
23,23,23,23,23,3,10,16,17,0.5736905209663867,5,11,13,19,0.5507813518815488,12,17,18,19,0.6323290626194924,10,20,26,27,0.9647877175262618,4,13,20,25,0.8954866819848477,6,10,21,23,0.926867526331162,5,8,20,21,0.6434768251513674,3,5,7,13,0.2804147351520674,5,8,10,17,0.8536382546436654,8,13,20,21,0.6500117639819382,1,4,10,6,0.9651209800963397
24,24,24,24,24,1,16,17,35,0.8365754566627499,3,8,33,42,0.3775218930793487,4,6,16,21,0.549154774233488,35,37,41,47,0.4193160854563276,6,10,18,19,0.8718085940879292,15,19,39,42,-0.0157753979259624,5,6,7,8,0.9532241364398604,2,5,13,19,0.1321016389671094,5,10,19,47,0.6109134045269002,5,6,20,33,0.6473816780540294,1,4,10,6,0.9656083363966591
25,25,25,25,25,6,20,21,45,0.5108403994170623,17,19,21,24,0.8210472350916148,5,11,16,18,0.0285803104930442,13,29,40,42,0.2519713867284437,5,24,27,32,0.9103578043628562,6,43,47,58,0.5044636589621849,13,16,17,19,0.4856996398760832,6,8,10,13,0.9329026570249598,10,13,17,21,0.6428628726185396,13,17,18,20,0.5519030510864322,1,4,10,6,0.9659514620742146
26,26,26,26,26,10,13,32,33,0.6893366355096828,6,10,13,21,0.7435914334473335,5,10,13,16,0.2173320053734613,5,6,12,22,0.802355764630768,5,7,10,13,0.7568286959315336,18,19,25,30,0.8034061331806546,2,5,6,10,0.7091597461581006,2,5,10,11,0.6199109111928616,8,13,16,18,0.1021710580104604,5,18,22,24,0.5353444571890732,1,4,10,6,0.9654092632888163
27,27,27,27,27,1,2,9,11,0.8406566451711135,13,14,21,22,0.7061607528357384,23,27,35,41,0.8610952630864817,17,39,49,67,-0.6299024655461314,4,5,6,11,0.8380381411015317,5,13,51,62,-0.0099148757645179,10,20,33,35,0.8816038220487958,5,10,13,20,0.6507067932205763,8,20,26,27,0.9799661430233708,8,10,17,18,0.8608235951467882,1,4,10,6,0.965828753333948
28,28,28,28,28,1,5,6,24,0.895600911542766,9,11,13,21,0.5964531168510286,18,19,21,31,0.4806551428085436,1,11,13,15,0.5825127974766233,8,10,18,35,0.9018198282429354,1,5,10,20,0.9061472167514796,10,21,36,41,0.1009156944416868,6,20,31,34,0.884653697641095,5,6,13,16,0.2256248062132757,10,16,18,20,0.5493305416487471,1,4,10,6,0.9622582809331268
29,29,29,29,29,5,10,13,17,0.571627107838554,5,17,27,30,0.8175551634948246,3,10,11,21,0.6504524698468973,3,5,10,16,0.1968964309687567,2,5,16,18,-0.7217859637226487,2,8,10,31,0.8917409488226233,6,17,19,27,0.974435387410129,17,19,20,21,0.8004411584292693,5,8,21,39,0.055479005629109,5,6,15,19,0.5994971675186398,1,4,10,6,0.9649855940167593
30,30,30,30,30,1,8,14,24,0.9674555699757514,13,19,21,31,0.6219394276899523,24,41,42,44,0.0231341896931204,5,10,20,21,0.7040612777300987,6,13,22,32,0.8838148468063396,5,6,17,18,0.6202299167538052,5,9,10,27,0.9196915240609324,7,13,16,21,0.2274054796680783,5,6,13,20,0.6533081044437821,5,8,10,15,0.6490469626636932,1,4,10,6,0.9645909083933144
31,31,31,31,31,4,9,11,22,0.9136469803305418,5,18,20,21,0.17127332516005,10,11,16,17,0.8383941437770372,10,20,23,32,0.9631813904294034,17,21,26,32,0.8892041682504859,13,21,26,27,0.731724942518555,5,10,19,20,0.9072672802404796,8,17,18,19,0.7924646309300983,7,10,18,21,0.6043952442967414,6,8,10,13,0.9333890429355818,1,4,10,6,0.9647276981744145
32,32,32,32,32,17,19,21,23,0.8486442487728872,8,10,26,36,0.9509752184811926,5,13,17,29,0.426419201332576,6,20,38,43,0.8053334330930156,1,5,13,30,0.5157046109995493,5,7,16,18,0.1907971271775047,5,8,20,21,0.6452596188687335,1,10,17,18,0.8633667829681333,6,10,25,26,0.964762105164896,5,10,17,18,0.6206940756543315,1,4,10,6,0.9644738441881093
33,33,33,33,33,1,5,13,14,0.7559241180379079,16,17,21,22,0.4534143383489679,28,56,60,62,-0.2645116131207132,5,6,22,24,0.8082332685099927,6,22,24,44,0.7653088364789371,5,6,8,12,0.8492276696933779,10,40,43,50,0.5025510092047538,5,6,13,17,0.5821755922958055,7,10,13,18,0.7585567215326896,6,13,16,17,0.5960276658536143,1,4,10,6,0.9612677398373
34,34,34,34,34,5,21,26,30,0.6164095590574479,4,8,10,17,0.979681864725094,1,5,17,27,0.8679414990449428,18,29,50,54,0.3545539280713137,10,18,19,26,0.8477810331661314,5,13,16,21,-0.5008566956183205,6,8,10,19,0.982743659194684,6,8,19,38,0.8315187475759462,6,10,13,16,0.6912469769823679,10,13,16,17,0.5843740255625036,1,4,10,6,0.9659664251442741
35,35,35,35,35,4,9,11,30,0.9690591317810732,5,6,7,8,0.952980134282632,6,7,8,10,0.9527176947567316,3,6,14,16,0.7157562487265192,5,17,21,38,-0.01836703619928,5,10,13,20,0.6494356450763497,7,8,10,16,0.8894057088999773,8,17,18,19,0.7912893831071713,10,11,13,14,0.9236257292976487,5,10,13,18,0.2740590044927466,1,4,10,6,0.9659587727343483
36,36,36,36,36,3,6,7,12,0.8891833038133069,7,13,18,32,0.7572545829741141,8,14,22,26,0.933015998579486,30,36,42,50,0.3298280124347661,6,8,13,14,0.9654230529464932,5,7,8,13,0.7208452751344769,2,6,10,21,0.6108873853422871,5,7,10,17,0.9222011187565586,10,13,18,24,0.6583255801735499,5,6,17,18,0.6258073757042116,1,4,10,6,0.9622044199024278
37,37,37,37,37,4,14,17,20,0.9712208102510836,1,3,5,8,0.5721094644001313,8,14,19,26,0.9591115299589116,2,6,13,14,0.7464305493785339,16,21,32,33,-0.0932745100231815,5,17,20,22,0.8291354874871063,19,20,22,27,0.9733630226331772,5,16,18,21,-0.6502956326793217,6,10,17,18,0.8930259300684638,10,13,17,21,0.6425748764100722,1,4,10,6,0.9656960695974115
38,38,38,38,38,3,11,13,18,0.1476104187538208,2,17,22,27,0.8632844408009523,7,8,10,16,0.889596131083207,13,31,41,48,-0.1516073909699964,5,8,11,26,0.8548679304203852,22,32,49,59,0.5328470818358282,10,16,20,21,0.5650322606224414,5,8,10,16,0.6520681321362237,5,21,24,37,0.6631150618277982,5,17,21,37,0.635303977644806,1,4,10,6,0.9652373181138911
39,39,39,39,39,5,6,14,35,0.9422795055965598,9,18,19,20,0.8029039670651359,8,13,17,20,0.7967725654596141,4,6,16,32,0.868309586332622,2,7,17,18,0.5050518301695552,5,6,7,8,0.9539812671713436,5,6,8,10,0.9313857159545732,6,17,20,33,0.8420798973158141,5,10,13,19,0.6496479053895601,5,6,10,27,0.9500163669249452,1,4,10,6,0.9620052980000497
40,40,40,40,40,2,9,15,18,-0.2205445699017456,12,13,16,19,0.334974877568888,5,13,16,20,0.136929954211104,2,22,33,40,-0.2253722486366012,6,7,19,29,0.9408675651523056,6,8,18,21,0.5946866693904753,17,20,23,27,0.9516966000095042,5,8,21,33,0.1118764966055686,6,13,17,20,0.8570466505130339,5,7,17,31,0.8792849662861187,1,4,10,6,0.9658058862945104
41,41,41,41,41,2,5,13,28,-0.5544484911628205,20,21,25,27,0.9009592526735958,8,17,18,20,0.8010922998546568,2,5,13,21,-0.4513867544955185,2,10,13,19,0.6338462867065937,20,32,43,51,0.8889292467933565,5,8,13,16,0.1358081883227871,10,13,17,19,0.8679167669061337,5,10,16,20,0.6486405223231759,5,13,17,19,0.4979548789707801,1,4,10,6,0.9660296150711349
42,42,42,42,42,6,9,10,13,0.9080055489007104,5,8,14,16,0.6911317578479813,13,15,18,19,0.0149080021238985,7,8,13,16,0.6899330821699616,3,5,19,20,0.5800866671302642,5,13,17,20,0.4946873770851461,5,9,10,13,0.592901462631186,7,9,10,21,0.8935063687387683,10,16,17,31,0.8423574078676551,5,8,21,25,0.6509957163500255,1,4,10,6,0.9630717936118169
43,43,43,43,43,7,9,10,18,0.8871943308583654,3,8,14,20,0.936512214120528,3,5,24,30,0.5153552121688361,3,10,15,16,0.0846140207557819,8,10,15,21,0.5630392660943028,5,8,17,22,0.8326749737282522,6,25,31,37,0.975164649118294,5,6,13,14,0.7877535378283398,5,10,14,17,0.9345960511348804,5,6,10,30,0.9052197612870276,1,4,10,6,0.9635794898597773
44,44,44,44,44,10,13,18,23,0.7432565394962374,11,13,17,20,0.8319090936253609,1,13,14,15,0.6904853458443005,14,17,18,28,0.4704789857049566,2,17,21,31,0.4582804406854468,5,6,10,13,0.6900958874098989,19,21,33,34,-0.2717996965847287,6,7,18,25,0.9041857346733744,6,10,14,17,0.9533604611541328,5,10,13,17,0.5659127721165484,1,4,10,6,0.9670149596544912
45,45,45,45,45,4,8,12,19,0.9441019565071488,6,10,24,27,0.919386406640466,10,21,29,42,0.6069235350940747,5,13,16,17,0.0091605332784816,9,21,33,35,0.4804711457973299,8,14,19,21,0.8395362784034419,10,18,21,40,-0.0143024296403491,10,17,22,31,0.979355265273231,2,5,8,21,0.1466921025895802,6,10,13,17,0.8973127496226392,1,4,10,6,0.966567719310127
46,46,46,46,46,1,5,8,18,0.6370552850001476,6,8,19,21,0.8762916697713732,4,8,16,18,0.5185668129886897,7,10,17,20,0.9570083210696908,16,17,20,25,0.7875744034886992,5,11,13,21,0.1892037254890101,5,6,10,23,0.9445256157063098,6,14,27,31,0.9156735286645434,5,10,13,19,0.64877507453585,10,17,18,21,0.5440982841171678,1,4,10,6,0.9631703358705528
47,47,47,47,47,5,7,10,15,0.7133973214504297,8,16,17,18,0.4282352074518987,16,20,23,26,0.8956843937282467,3,5,35,37,0.6404810397434854,3,5,13,21,-0.422794233440906,27,31,35,41,0.8561995985502334,6,21,24,33,0.514983356178943,10,12,17,20,0.948300687762892,5,6,8,10,0.9312344604440698,5,17,33,43,0.3850108945139631,1,4,10,6,0.9629936779682607
48,48,48,48,48,4,10,21,25,0.9106688530251102,2,6,9,18,0.5240842537778714,5,13,31,46,0.7539725787808298,5,7,10,18,0.7505218573803787,3,6,10,13,0.6964389117886803,6,7,13,18,0.757123946947962,13,18,19,20,0.6102236521544236,5,7,13,17,0.6430818495488693,5,10,17,20,0.8564887294152504,6,17,20,21,0.8708836135988393,1,4,10,6,0.9626994268021868
49,49,49,49,49,2,6,8,10,0.9108032807911082,6,17,27,33,0.871185578910056,5,13,19,32,0.6382860449778818,3,6,7,8,0.951132370325575,5,10,15,17,0.5701077614413914,2,5,9,10,0.6139498642027497,3,10,18,19,0.6357177496837347,9,10,17,19,0.9458352845852134,6,10,17,18,0.8916984086190064,5,18,21,27,0.2596525552955956,1,4,10,6,0.9666314685002575
50,50,50,50,50,2,10,13,16,0.1406631255407735,16,19,21,39,-0.338483837133454,16,17,21,23,0.5148280248592932,15,21,24,31,0.4964739790266403,5,10,13,17,0.5681642266729774,5,7,16,20,0.6774181476248278,5,8,10,11,0.8855070845381191,6,16,21,24,0.5139328771734469,9,17,18,21,0.398397669539737,5,6,23,24,0.9019350598923777,1,4,10,6,0.9663022674266342
51,51,51,51,51,3,6,7,12,0.8851535433348343,10,16,22,25,0.8588939158509415,5,10,19,26,0.8928265727120608,1,3,5,10,0.636821732975591,14,21,25,29,0.7878687413687964,5,10,26,31,0.9094219796636608,5,11,13,17,0.4947124713706956,5,13,16,17,0.0071057288388955,6,10,17,19,0.9815604726077728,5,6,10,18,0.718039587217068,1,4,10,6,0.9667792084354135
52,52,52,52,52,8,20,28,34,0.4676564216912121,5,7,8,9,0.8891044564792282,2,5,6,8,0.6705397083964257,8,19,21,35,0.8573065065784015,12,15,17,19,0.5966897955317534,8,9,10,18,0.8661089278318809,6,10,11,14,0.8946287043305178,5,6,16,17,0.5727476737404126,6,8,16,17,0.8392543331924353,5,8,13,20,0.5772103369789817,1,4,10,6,0.9668586113965297
53,53,53,53,53,2,7,17,20,0.8437231348469937,2,16,22,33,-0.2818397643293078,1,9,10,17,0.9182361022058638,7,8,14,16,0.8374003430041119,7,10,11,16,0.837701079608011,16,18,19,20,0.4210659850663648,10,17,21,34,0.5077049444092528,7,18,21,23,0.6151563611838161,8,10,16,17,0.8396712940350652,13,17,18,24,0.5658935954222616,1,4,10,6,0.9667133220797427
54,54,54,54,54,22,26,35,37,0.856498349084259,4,8,16,21,0.5358165369355359,1,19,21,36,0.6130773699275005,5,13,19,22,0.5579153606619152,6,10,13,16,0.6958971193399945,13,17,28,32,0.6017838824818935,5,6,8,13,0.6574098950287185,5,7,10,18,0.7494879366557049,5,10,17,30,0.8064375233932158,13,17,18,20,0.558409026368559,1,4,10,6,0.9628553882529839
55,55,55,55,55,2,4,10,23,0.895833799956234,4,13,18,21,0.185351026735177,8,13,21,23,0.7220012942477545,5,6,13,21,0.2999060307578012,16,39,41,53,-0.447781557536367,49,50,55,58,-0.1198763904949067,2,10,23,34,0.5780777870904421,2,7,10,16,0.5444511050683667,5,8,13,19,0.587305418667124,5,10,16,19,0.6020919833312901,1,4,10,6,0.9659912450211746
56,56,56,56,56,4,8,11,20,0.9715860146202276,8,13,17,21,0.5684335038496838,5,8,23,30,0.866294112664729,6,13,20,24,0.8964350549966024,3,27,36,49,0.3051531213263037,13,17,41,43,0.3184107907946533,5,6,8,10,0.9292066405152484,10,17,18,25,0.8617880633963397,5,10,17,20,0.8522404780720662,7,10,17,21,0.8892242335270695,1,4,10,6,0.9657878119411538
57,57,57,57,57,4,7,10,12,0.9376414509025164,8,32,38,40,0.4893830325629766,1,10,13,17,0.8583227584780257,6,16,21,23,0.6031886729533428,10,12,17,18,0.7292611918740097,7,16,17,21,0.4953024985694423,6,10,14,20,0.9397686412314964,10,21,31,33,0.5577951363206809,5,6,10,17,0.8931142800418799,5,6,19,20,0.9057057871856456,1,4,10,6,0.9661091897795736
58,58,58,58,58,2,3,5,7,0.3009156853309778,10,16,17,18,0.4831314579268472,2,5,36,39,-0.5065185154687928,5,6,7,8,0.952625966119255,2,5,6,11,0.6160739183076785,5,7,19,20,0.9268847598510772,5,6,17,27,0.9094918410812352,8,17,20,32,0.9432519347228594,3,5,8,10,0.6361386763493149,6,10,16,20,0.8996558773535408,1,4,10,6,0.9662772229799561
59,59,59,59,59,16,29,32,33,0.2972244646826869,8,9,13,27,0.8807637820785913,5,6,7,14,0.961098125827262,5,11,13,14,0.7056900563279123,4,5,8,13,0.6110842912216539,8,10,16,27,0.8998434516656271,5,6,7,17,0.9197644864143072,5,10,18,32,0.7178910743622545,5,6,7,8,0.9527084366097036,5,10,18,21,0.2315240281246287,1,4,10,6,0.9661128746618923
60,60,60,60,60,1,6,12,22,0.9594950016767536,7,21,27,30,0.882956105604086,5,11,14,17,0.909892293962578,3,5,6,10,0.6786802223361055,1,5,28,34,0.0471196388672215,5,21,24,25,0.6395498624856648,6,10,13,19,0.9233684154342648,16,21,22,27,0.5190191630416691,6,10,13,21,0.7397173235769507,6,10,13,17,0.8969825943385735,1,4,10,6,0.9666401255478047
61,61,61,61,61,4,21,26,36,0.6558353148836988,1,8,36,39,0.5904457260074565,3,4,6,8,0.9113887198228257,21,24,31,32,0.8945356932463049,10,16,29,34,0.3193928222568267,5,10,17,27,0.9124140372079762,10,16,18,24,0.4983619685746489,5,7,16,18,0.1958227671388391,5,6,7,8,0.9540897002776852,6,7,10,16,0.8809761045153957,1,4,10,6,0.9625695696308919
62,62,62,62,62,6,11,13,21,0.6603237966105615,13,17,26,31,0.8484825568142931,2,10,42,61,0.1644497429987039,3,5,6,7,0.7435804345902618,3,5,13,17,-0.0473816093179153,7,8,17,30,0.9102617051054988,10,17,28,31,0.8459307832717187,2,5,6,8,0.6731447622308326,5,6,7,9,0.92849671877449,5,17,19,21,0.5357188691486249,1,4,10,6,0.9661070495620917
63,63,63,63,63,1,5,10,11,0.8864702309603181,18,27,28,33,-0.0966740961054795,2,5,6,13,0.2502258547080564,6,7,11,17,0.9683373235816736,6,13,18,27,0.7495734633913815,10,16,17,19,0.812222334662176,5,6,13,22,0.6032628728210594,5,17,19,21,0.5348056751638485,6,17,30,34,0.7982608642700553,5,6,8,17,0.8521068780195264,1,4,10,6,0.9662829133934154
64,64,64,64,64,2,4,9,10,0.8794566607113892,3,5,24,26,0.5473158580666462,6,13,14,23,0.9692428272526528,42,43,47,56,0.3864599462705153,4,10,24,32,0.8893740372369494,8,13,21,25,0.6587562668915932,5,10,13,20,0.6569502119256554,5,10,13,21,0.3097737031664285,5,6,17,18,0.6237920130043066,5,8,10,19,0.9094168534302548,1,4,10,6,0.962888528153218
65,65,65,65,65,1,2,5,8,0.6253018383312078,10,17,18,20,0.8633056331327821,22,40,42,47,0.1777502558832348,7,8,10,17,0.956813898468546,13,17,21,22,0.5907010892157818,5,6,10,13,0.7003140474280266,5,7,17,19,0.8909351794033977,5,10,27,31,0.9464474133735916,5,16,17,32,0.5843230223695732,6,17,18,19,0.8377632921957998,1,4,10,6,0.96230853867494
66,66,66,66,66,9,39,40,43,0.1991181718698728,3,6,16,17,0.5714745086971945,5,7,11,13,0.6748806627288328,8,13,16,17,0.5097970031044087,5,17,18,27,0.6384595054097748,5,13,19,22,0.5510595267611178,5,17,18,27,0.6384595054097748,6,14,16,20,0.8728417663239517,5,16,17,18,-0.0246986462155274,5,13,19,28,0.1055955424782579,1,4,10,6,0.9661085340852237
67,67,67,67,67,1,2,5,6,0.6741680610240658,8,14,31,39,0.8220731206930467,1,6,16,20,0.8819953724590498,14,27,36,43,0.9053697285544798,6,8,18,21,0.5930213812140978,7,13,16,20,0.6844633194872742,6,8,10,27,0.9616456100792184,5,6,17,21,0.6324425509788765,7,10,17,21,0.8894118446009368,6,10,13,18,0.7259980474279211,1,4,10,6,0.9666466448027251
68,68,68,68,68,5,16,19,20,0.5560293033501622,3,7,11,18,0.669046375914776,3,5,14,16,0.2986034737551825,3,10,19,21,0.6548414535892157,10,13,16,17,0.5851271632263579,7,17,32,36,0.9360594505354534,5,17,21,22,0.5726148151033223,8,10,17,18,0.8604889926686605,5,13,18,31,0.197781658642059,5,6,10,21,0.735580200159037,1,4,10,6,0.9660437918233001
69,69,69,69,69,3,4,7,18,0.709455747934931,18,19,31,35,0.8500729565237818,6,7,9,17,0.9457936652878776,1,5,26,28,0.6265782987845683,6,17,19,31,0.96798250107388,5,8,13,17,0.4861487672577732,2,10,13,18,0.1988198633694112,5,13,16,19,0.0897746110586856,5,13,17,26,0.5349799064711118,10,13,17,21,0.6410770176181693,1,4,10,6,0.9665104883401169
70,70,70,70,70,16,18,20,21,-0.0918154716548538,9,18,20,27,0.8622544264424155,1,8,33,35,0.8697374412449377,19,20,35,38,0.8129304172500385,5,10,16,27,0.7067879392846963,5,10,17,22,0.8576282664012127,8,19,21,32,0.872093376949415,16,17,21,24,0.4473719394916128,10,13,18,20,0.6900444095488207,21,32,35,37,0.891792370224287,1,4,10,6,0.9668286902752438
71,71,71,71,71,2,15,25,37,0.5241892805497894,5,10,11,17,0.8562885834889064,6,8,19,21,0.8725341513253279,1,4,6,16,0.8832616959553625,3,5,10,19,0.6252011158775279,17,23,43,47,0.7539794277983782,17,18,20,21,0.4694490388103953,5,10,18,20,0.6826840467345879,6,16,17,21,0.5007454807843362,6,10,13,16,0.6888425438180299,1,4,10,6,0.9669374770451231
72,72,72,72,72,6,15,21,27,0.5871524346390332,2,21,32,34,-0.0486572612414795,12,19,27,31,0.9459835865915518,2,11,18,25,0.4951797485085475,6,9,10,18,0.896508226589273,3,10,16,18,0.1461797685700941,18,19,31,35,0.8483675838022198,6,8,18,25,0.8983820617517005,5,6,17,41,0.5279308140606014,5,10,17,18,0.6149362198645392,1,4,10,6,0.9663129199866928
73,73,73,73,73,20,30,34,47,0.3923089522299966,5,8,19,38,0.5400702695283849,5,8,10,12,0.8404137368508043,10,11,14,22,0.858799211910843,4,5,10,11,0.8359556129971217,10,16,17,21,0.5007892264479764,5,6,10,16,0.6814882612777828,8,16,19,24,0.80811180631603,5,6,11,18,0.6310081683044325,6,10,32,46,0.8960349039282907,1,4,10,6,0.9662285275832224
74,74,74,74,74,5,19,40,59,0.177146883599062,5,16,20,29,0.468658364796753,3,10,36,40,0.3750275379397194,4,6,10,19,0.9459104040449924,8,10,19,21,0.8743694681680921,13,16,20,27,0.6840774733689092,5,13,20,27,0.6951091667183265,5,6,14,19,0.9454862178255268,38,41,43,45,-0.6730599343239305,8,10,13,21,0.7135506911596818,1,4,10,6,0.9625243280354381
75,75,75,75,75,3,13,19,27,0.6774864543545995,5,9,10,12,0.8006871732464158,7,10,11,14,0.8641586157345597,2,6,7,10,0.8902813598178911,6,13,21,25,0.7091954944390926,5,6,7,18,0.7451281688002285,10,13,16,18,0.1621715194690327,6,21,31,32,0.921472085182898,6,13,24,25,0.8975891224609837,5,6,8,10,0.9290765215888804,1,4,10,6,0.9659866016617077
76,76,76,76,76,1,11,14,15,0.8376975126992727,4,5,10,13,0.6536344321229843,2,3,4,21,0.1585159989965197,22,26,52,55,0.8492629893426186,6,13,14,16,0.7264528666975505,3,5,18,25,0.1946481830912205,10,13,16,18,0.1718642223059887,10,21,22,30,0.8772969429295068,6,10,17,20,0.968884209958849,26,27,39,43,0.8159151802462828,1,4,10,6,0.962150277325161
77,77,77,77,77,4,5,10,13,0.6540654141064974,4,10,12,19,0.9300396326083676,2,5,6,8,0.6793970485929743,6,7,23,24,0.9069573132968908,10,12,27,28,0.770368990078816,5,8,10,17,0.8573910024069051,5,10,13,23,0.7200305694819245,5,8,10,18,0.6923156601090418,5,8,10,19,0.909565402197642,5,7,13,21,0.3761827096017043,1,4,10,6,0.9622658059774908
78,78,78,78,78,12,16,17,18,0.1590349912277396,5,6,8,13,0.659610422954365,18,33,39,51,-0.3722061584184368,4,10,13,32,0.9090225502667542,2,13,17,22,0.5530324015627945,5,14,17,18,0.6647026179653335,6,8,14,20,0.948296224674822,10,14,21,31,0.8897962790508203,10,14,21,30,0.8796286039099706,6,10,16,19,0.8516996648896162,1,4,10,6,0.9619394545760561
79,79,79,79,79,23,31,35,43,0.9737160093291362,5,7,9,16,0.6206087441561557,2,25,32,43,0.8434591116221506,4,13,19,36,0.7164384560957663,34,38,45,63,-0.970324481633758,10,16,17,19,0.8108997890634293,14,16,17,19,0.7870298708267341,5,13,18,19,0.1495195925251403,5,6,19,21,0.6546410139931431,5,6,10,16,0.681687071440167,1,4,10,6,0.9662864170499603
80,80,80,80,80,14,18,19,35,0.8147187846777796,5,7,8,10,0.9535451746218936,3,10,17,23,0.8994805891957087,4,5,6,7,0.9353145757851996,16,25,38,43,0.3399350718163956,6,10,17,19,0.9792190659285058,5,6,19,26,0.8957713675081524,6,10,13,22,0.8846177540071483,5,6,10,16,0.6882125529001004,5,6,18,20,0.6917216320464763,1,4,10,6,0.9624666507302806
81,81,81,81,81,1,2,16,19,0.4156460225447357,8,22,23,24,0.9349493530285586,3,12,31,39,0.3507359304486408,5,8,20,33,0.5927141482614133,8,18,19,20,0.8372963920353205,2,9,41,43,0.2298599596710593,5,10,14,16,0.7204413997320535,5,10,13,17,0.578874719484332,5,6,7,10,0.9544488453546576,19,20,21,25,0.8474767772358103,1,4,10,6,0.9624754620145377
82,82,82,82,82,1,4,22,28,0.8338917038735663,2,8,18,20,0.5126960775298219,5,22,27,31,0.910430899432914,2,8,18,19,0.443332226730295,6,7,10,13,0.9578356795175852,4,5,6,11,0.8369285517307693,6,17,18,19,0.8331782454610676,5,10,13,17,0.5685376637631967,5,8,16,17,0.4991046152788184,6,8,10,16,0.8996122119875873,1,4,10,6,0.9662331571771778
83,83,83,83,83,1,2,4,8,0.8838284923099692,5,12,16,45,-0.3767503870237951,2,9,10,31,0.8594524965340721,8,10,33,34,0.5034322129525026,5,6,10,17,0.8927834870986726,5,19,36,52,0.7741988923983391,2,5,6,17,0.5996565337809827,5,10,12,16,0.4450380183104666,17,20,21,24,0.8539766779345481,5,8,10,17,0.8516411115587842,1,4,10,6,0.9665641167008092
84,84,84,84,84,5,7,9,18,0.657585800366022,5,9,16,21,0.021651825207853,2,8,14,16,0.4986950958278694,17,19,20,21,0.7977527545987766,5,6,38,41,-0.0127151271241177,1,5,8,10,0.9026108255914408,7,8,9,10,0.96312490995159,6,10,17,24,0.971306565893026,5,10,16,27,0.7070103713099246,5,10,13,17,0.5684236164887475,1,4,10,6,0.9661049981611686
85,85,85,85,85,12,13,15,16,-0.3212925653461207,4,10,18,29,0.7926156137519155,4,8,28,37,0.8869108604266642,10,12,13,17,0.7954146410697378,5,17,19,21,0.5338740583850399,13,16,17,20,0.5070940657133058,5,15,17,18,-0.0334310891040163,5,6,10,19,0.9197400207364164,6,10,31,61,0.8463446828310534,6,10,17,19,0.981059843982772,1,4,10,6,0.966303638605873
86,86,86,86,86,4,14,17,18,0.8650037249946473,6,10,18,21,0.61520139191124,4,8,19,20,0.9871652592537944,5,19,33,46,0.6220414800749929,6,7,17,24,0.9692773417669984,5,14,17,27,0.9362091686562491,18,34,35,37,0.5304061041062162,16,19,21,29,0.2267236622123929,10,13,17,28,0.5941923705794571,5,13,16,19,0.0878185722353095,1,4,10,6,0.966442223862669
87,87,87,87,87,4,8,10,18,0.9023183901891152,2,6,9,16,0.4880946179801634,7,8,17,20,0.9310282889668912,10,16,18,21,-0.0227736471093931,6,10,13,22,0.8857120950494013,5,17,19,21,0.5460812248467125,2,16,21,26,-0.0974060953111908,19,20,22,27,0.9701204160718097,7,10,13,19,0.945374909702714,5,19,20,21,0.6204583049850254,1,4,10,6,0.9622487535694773
88,88,88,88,88,19,20,31,35,0.9865836286607584,6,7,12,13,0.8903824072021718,7,8,24,28,0.8658152329607003,7,11,18,19,0.8119965741118205,23,43,48,59,0.5012949822538038,8,10,21,22,0.888331049700615,6,7,9,10,0.9626235378359852,7,18,21,26,0.5707183644829065,2,6,10,19,0.8625666413046575,5,16,18,20,0.0814554446892353,1,4,10,6,0.9661803585442036
89,89,89,89,89,1,9,50,51,0.7444792360476982,7,13,15,17,0.6196380744814056,5,19,22,27,0.8927865545941673,3,4,5,6,0.6429477350930569,5,16,27,31,0.6780359570931458,6,8,17,19,0.9681101902070316,5,6,16,17,0.5841648587188188,5,6,8,10,0.9315599206711088,8,9,10,13,0.872130656247093,5,7,13,17,0.6440263498997458,1,4,10,6,0.9622013476852512
90,90,90,90,90,8,16,20,22,0.8486866058938537,5,31,40,42,0.3901662040287874,4,11,16,19,0.7549929254290342,3,6,13,16,0.207082587179593,5,7,10,20,0.95212789830447,5,10,21,27,0.7566732851855084,5,13,16,17,0.0095607535763875,5,10,16,23,0.7023044645680998,5,6,10,21,0.7335654996377143,5,8,17,19,0.8103510573236445,1,4,10,6,0.966103345373575
91,91,91,91,91,7,14,18,30,0.8370189082743792,4,5,7,9,0.9208331740863016,14,16,21,31,0.5339053900937007,5,6,10,14,0.959806224994883,20,31,34,36,0.638037557803604,10,19,21,27,0.8766315611767951,8,16,21,24,0.5066192328345764,2,8,10,18,0.5696971678539879,5,10,17,19,0.8673836960576924,5,6,10,16,0.6889852452172716,1,4,10,6,0.9625719158857426
92,92,92,92,92,3,9,23,27,0.9188053365374556,4,6,11,21,0.8339794236119784,4,10,17,25,0.9803771196887908,1,8,18,19,0.8360130453988679,10,17,27,37,0.9665882450127016,6,8,10,21,0.922345797274592,5,6,7,10,0.9549293581916048,6,8,10,12,0.9774354206842154,10,27,39,44,0.4318864274474463,5,6,10,13,0.6915017887342635,1,4,10,6,0.9665920367956121
93,93,93,93,93,3,8,15,22,0.5597011105900307,5,14,25,32,0.9617499036698162,2,13,14,23,0.756398434256899,4,6,8,10,0.9666773146440084,5,14,17,24,0.9142267143464808,5,6,16,19,0.5989821376166711,5,6,8,13,0.6482535191422685,5,12,16,17,0.2978723819491226,5,10,18,21,0.2283258587647434,5,6,10,17,0.8925757725196835,1,4,10,6,0.9667347994419391
94,94,94,94,94,6,19,22,40,0.814187527368243,5,6,10,16,0.6879436540046853,14,16,17,19,0.7886047107546934,9,17,18,33,0.3458785980157357,6,13,17,27,0.9160997607258996,18,21,34,40,-0.983960243765819,10,11,13,14,0.9227315574640368,13,20,27,37,0.9485920548426856,19,34,44,50,-0.3028650577422451,5,6,8,10,0.9310417872313328,1,4,10,6,0.9630143165650282
95,95,95,95,95,7,8,30,45,0.8006862493524236,5,6,7,21,0.7583438243789138,7,10,19,29,0.9396904562624672,6,24,34,40,0.4819666033400933,6,20,21,27,0.9198121251349072,5,6,17,31,0.8513034035203897,10,17,18,21,0.5341044540786128,7,10,11,19,0.9293887476925172,5,10,13,19,0.638864595475168,5,6,8,13,0.648592408141835,1,4,10,6,0.966401116871055
96,96,96,96,96,1,21,24,31,0.885528524471134,5,8,11,24,0.8228462391567005,2,7,25,30,0.853229411534967,2,5,16,17,-0.0528949907413645,11,14,16,17,0.8289622472889605,2,5,17,30,0.4435824777501943,10,17,20,34,0.8417702828982644,2,10,11,17,0.8519944476046106,5,6,10,18,0.7181363485802561,13,16,17,19,0.4815577708304742,1,4,10,6,0.9659897223586326
97,97,97,97,97,3,21,23,30,0.6562154720713171,7,13,23,25,0.9591366599438014,6,27,33,41,0.4849142273339832,1,5,8,18,0.628555412981969,2,5,6,19,0.6255169816932714,5,13,21,22,0.1793810233158913,5,8,10,16,0.6486337803529494,5,8,10,13,0.650410237231624,5,10,17,21,0.6326905803459961,5,6,10,13,0.6927857234626532,1,4,10,6,0.9657712648234317
98,98,98,98,98,2,15,28,33,-1.1924759483619054,20,34,39,48,-0.410322174173356,10,13,14,17,0.9387610253338856,19,21,24,38,0.3881919821792882,10,13,14,17,0.9387610253338856,7,13,16,41,0.0923753960056978,4,5,13,16,0.1637555597516509,5,8,13,21,0.2400866444362468,5,8,10,19,0.9104693701337688,5,10,17,18,0.6257152266825974,1,4,10,6,0.9618982303384181
99,99,99,99,99,2,10,11,22,0.7719348208813548,2,5,15,16,-0.8291330090603484,10,21,32,35,0.8920813605531811,5,13,24,27,0.6602856050165198,6,8,20,22,0.9786107954043216,6,8,21,23,0.9270941497674297,16,18,31,34,-0.171225201979509,5,8,10,16,0.64777419440775,10,19,26,32,0.9490157208766956,5,8,13,16,0.1342395660863172,1,4,10,6,0.9659264914348952
100,100,100,100,100,3,8,11,33,0.5590677476959687,9,13,37,51,0.7912929538638422,9,21,27,39,0.4525808950769895,17,22,35,47,0.8139851521523176,8,10,16,17,0.8391480496250112,5,14,17,18,0.6574178707356421,5,13,18,21,-0.4246033678799228,6,10,13,16,0.6897764200232981,5,6,13,17,0.5693422676479012,5,10,18,33,0.1447190480736921,1,4,10,6,0.965797670975312
101,101,101,101,101,1,2,8,10,0.8951548788154154,6,16,17,19,0.8148089435805692,5,9,10,12,0.8071867022561816,3,9,10,13,0.5922373232582898,18,22,41,49,-0.4358653091996611,5,6,19,20,0.9095169766455732,10,13,16,18,0.1733685653559424,5,21,22,32,0.658320074028353,5,6,8,10,0.93141470767656,5,16,18,20,0.0964922489218585,1,4,10,6,0.9621628835297544
102,102,102,102,102,2,4,5,6,0.6624809215906564,5,19,23,31,0.9132898988706104,14,21,24,25,0.8746951485289954,6,10,17,18,0.8911191881427367,5,6,18,26,0.6774633468889726,9,10,13,18,0.6359332863304713,13,16,18,19,0.0104895311637643,7,13,16,19,0.6339874916634787,5,7,8,17,0.8793837101281925,7,9,20,34,0.8421217526489344,1,4,10,6,0.9657991251269148
103,103,103,103,103,8,9,10,14,0.9532209440092584,7,16,21,30,0.5110916218974356,3,8,16,22,0.5743472647002711,5,6,8,13,0.6592665963817065,2,5,21,26,0.1654988826565211,10,16,18,19,0.4612738264782136,5,7,16,26,0.6800087198920343,5,6,21,30,0.6548029202646606,17,19,21,27,0.8417120276664218,10,21,30,32,0.9051613607679084,1,4,10,6,0.9621391711259822
104,104,104,104,104,13,21,37,41,0.120081499281334,10,14,21,22,0.8484007581624708,3,5,8,11,0.5565762776932552,33,34,47,56,-0.3312995038568909,5,6,15,19,0.5970736376724142,7,17,20,21,0.8565233384009813,3,6,8,10,0.9276351584934136,6,7,10,12,0.9451155012392156,6,8,10,13,0.932604610551574,5,10,18,19,0.6393689283453269,1,4,10,6,0.965682289123077
105,105,105,105,105,8,21,33,35,0.5344253225644204,5,8,19,36,0.72360411433303,10,18,19,21,0.5153868599370465,2,8,19,27,0.8585861295445323,16,31,37,46,0.861877008064263,5,8,13,15,0.1499339800062483,10,25,27,37,0.9538201956599484,5,10,16,17,0.5865946659303818,5,10,13,17,0.5826924071884094,5,10,13,18,0.2901832019377421,1,4,10,6,0.9610735889820058
106,106,106,106,106,10,13,14,15,0.7211749320512268,5,6,16,17,0.5776448490499185,3,4,14,23,0.9528665834100162,20,21,38,39,-0.2808101107991152,6,16,18,19,0.4586503520248042,5,7,10,18,0.746760441969756,6,8,16,17,0.8407321845958916,21,28,30,31,0.4637017067155753,6,16,18,21,-0.030934229054403,10,13,20,26,0.9150676573609136,1,4,10,6,0.9651295313185706
107,107,107,107,107,13,21,32,33,0.1889648122905431,6,11,16,24,0.7650537448792807,1,8,36,39,0.584349821633382,5,19,23,34,0.6292916007144437,5,17,34,38,-0.0907901885668387,8,10,21,27,0.9205100837923744,5,10,13,16,0.2177057642840899,18,19,20,21,0.475450452204092,20,29,66,70,0.6309000228163949,10,18,21,39,-0.1043056637632655,1,4,10,6,0.9646099176641747
108,108,108,108,108,1,18,20,26,0.8944046362670913,11,24,31,34,0.7999120686950009,5,10,13,16,0.2307661008504087,5,32,34,35,0.6522067107480458,20,22,36,37,0.9356934725235928,6,8,16,21,0.5696184523829887,5,13,16,19,0.1086900552968574,6,7,15,17,0.8624510670676266,5,6,18,20,0.6954504670010481,5,10,38,71,0.0501648904037108,1,4,10,6,0.96086645479182
109,109,109,109,109,4,5,8,10,0.9134183513307732,15,17,25,34,0.3890941936080702,6,8,19,21,0.8752004630174431,1,6,10,31,0.9740968566905462,5,6,10,16,0.6902310961159324,16,19,31,32,0.8479670119796854,5,6,17,21,0.643306692672065,10,19,20,32,0.9777987347057866,5,6,10,17,0.8976243587160341,5,10,16,20,0.6574715851684994,1,4,10,6,0.9610665613010908
110,110,110,110,110,1,5,9,11,0.8395088767799486,5,16,24,31,0.5807810547833661,20,41,42,44,-0.0460954166630207,2,6,18,22,0.5089781182406519,5,6,17,30,0.8033280276602723,8,13,14,18,0.7277162705521194,2,5,8,18,0.1238782914623993,13,20,32,34,0.6628256523827061,5,13,17,18,0.0825525282304875,6,10,13,17,0.8988605651812445,1,4,10,6,0.965066057517667
111,111,111,111,111,10,17,27,52,0.926805086261423,7,12,16,17,0.6950053699758194,5,6,8,14,0.961938134744622,8,17,27,31,0.9326725561598018,6,10,13,16,0.6937093341280421,5,10,21,33,0.1798497793918227,6,8,16,17,0.8412241412906833,5,10,16,17,0.578839520338446,6,10,13,17,0.8993661786376862,8,30,31,34,0.7973718739439242,1,4,10,6,0.964603029729557
112,112,112,112,112,8,19,20,22,0.9820751091937951,8,13,30,31,0.8040388686778847,3,17,21,22,0.568023006559347,11,29,30,32,0.9685461651930511,13,14,19,42,0.8045686311871905,6,17,22,35,0.9590783228070212,13,15,17,36,0.1936325085808969,5,6,10,16,0.6834112397589961,6,18,19,24,0.8258127474431491,5,8,13,20,0.5818909107295234,1,4,10,6,0.9655339646506016
113,113,113,113,113,6,19,23,25,0.9808952271388284,7,12,17,18,0.7186452686151665,3,11,18,20,0.6109941180990466,3,14,43,45,0.5590107770219828,6,8,18,20,0.8969926442846479,6,8,20,27,0.9669903755663226,8,10,13,21,0.7103490504873249,10,18,19,30,0.8414840597727008,17,43,46,62,0.7060542654129718,5,10,13,17,0.5732556236635978,1,4,10,6,0.9647421164456205
114,114,114,114,114,24,28,37,41,0.4204453571093366,3,5,6,27,0.7309016704044904,12,13,14,16,0.4967107488469056,5,6,10,17,0.8979071948315338,5,6,10,13,0.7026219201247716,5,8,18,20,0.6369840548287404,5,6,17,21,0.6442765350191686,1,17,19,20,0.9335890147029264,2,7,37,41,0.4932643753783546,5,6,10,13,0.7026219201247716,1,4,10,6,0.960808263484467
115,115,115,115,115,3,6,10,17,0.8957091247300292,6,9,36,38,0.6178777249906463,18,19,32,34,0.4686840327076289,2,5,8,10,0.683376817198312,6,8,10,13,0.9358386723428118,5,14,17,22,0.9141922712942024,1,6,7,8,0.9582097144592444,5,6,10,17,0.8983184966900011,13,17,20,22,0.8426684223460468,3,8,18,20,0.6349168853973453,1,4,10,6,0.9602910192585786
116,116,116,116,116,1,6,8,10,0.9762556607295992,6,17,28,32,0.8784394524770862,6,10,14,18,0.8728312991002041,14,27,36,45,0.6077141013549301,13,16,18,19,0.017582550842343,8,17,18,19,0.7922862343749419,5,32,41,43,0.5073458626521915,10,16,27,35,0.8754623124982607,5,10,17,18,0.6202638459186152,2,6,10,13,0.7162136890810613,1,4,10,6,0.9639215421533406
117,117,117,117,117,2,9,19,24,0.8069435516630031,3,6,20,22,0.8894998807438232,4,5,11,16,0.5396519713423453,7,9,10,17,0.943003053764338,8,10,13,16,0.6672862508838802,6,8,13,17,0.8645310311825881,2,10,16,18,-0.0716215253816072,5,8,10,17,0.8598754070746144,5,10,25,26,0.9154524341459852,5,8,10,13,0.6634169833666527,1,4,10,6,0.960258522428198
118,118,118,118,118,25,29,37,42,0.8584676999802626,3,8,15,18,0.0936084589682081,3,10,16,19,0.6081464932999217,7,10,13,14,0.9590089354027126,5,10,13,25,0.6654138264390431,6,13,16,17,0.5966396755436373,16,19,20,26,0.8325929459091028,6,8,21,31,0.9058657551094218,10,13,18,34,0.186103522259586,5,10,13,21,0.3170350961687108,1,4,10,6,0.9601558003092029
119,119,119,119,119,10,13,17,35,0.8831220047135294,2,7,13,17,0.6419556837345312,8,10,11,13,0.8918307188435971,10,17,28,29,0.758589444773416,6,17,21,37,0.8985515257559034,8,15,16,19,0.3741343913049775,8,10,16,19,0.8468986590091226,2,6,13,16,0.1433702030940105,5,6,10,18,0.7204913213749451,2,5,8,13,0.1792156469759673,1,4,10,6,0.9645462928395916
120,120,120,120,120,4,9,23,27,0.9685645376345348,1,10,17,21,0.873133907385831,4,5,7,9,0.9215564654328176,7,17,18,20,0.8517794184925848,10,13,16,19,0.6184899799108292,1,10,18,20,0.900890959181749,5,10,18,29,0.5643145997918031,5,6,10,11,0.8786143514275462,6,8,10,13,0.935542350211674,5,16,17,18,-0.0075705950109807,1,4,10,6,0.9606797138856468
121,121,121,121,121,8,12,22,25,0.9615851415114932,1,7,12,16,0.7356111516754911,4,14,21,40,0.530663628960368,5,8,13,17,0.4911182913438714,5,6,8,17,0.8543895316201966,16,17,18,20,0.4207833619811496,2,6,13,19,0.6359675379205623,5,21,22,43,0.5574030057864398,6,10,17,19,0.9803197583636076,5,10,17,32,0.8939337414154324,1,4,10,6,0.9647364642574493
122,122,122,122,122,1,2,4,6,0.895700377665968,4,5,18,20,0.653322969302589,8,14,20,21,0.8760423377518662,5,6,16,17,0.5786537467885422,10,17,19,20,0.9679133102409284,13,20,21,22,0.6426217104112034,5,6,13,15,0.2127336347456218,5,6,8,10,0.930064852443612,5,13,20,27,0.6912423255114262,6,7,13,18,0.7535891446642771,1,4,10,6,0.9643833889128824
123,123,123,123,123,18,21,37,41,-0.1084998865984228,7,10,18,19,0.851616364402462,4,6,8,13,0.9177213068456668,6,12,14,21,0.7538560198826114,10,12,16,18,0.280303338650107,5,17,18,19,0.5306520303407105,5,6,10,13,0.7031028218227746,16,20,21,27,0.5714898319558752,5,8,13,16,0.156451128720632,5,6,18,21,0.247152423133145,1,4,10,6,0.9604475923495127
124,124,124,124,124,3,13,14,20,0.7444005453411388,2,4,6,7,0.8729654799408363,7,14,18,21,0.5376047576808197,11,14,20,24,0.9205513767142488,10,20,21,33,0.5594905603812252,5,8,17,19,0.8136374805783286,8,17,18,20,0.802687734570421,5,10,17,21,0.6363186665723437,5,10,19,21,0.6586491574607314,6,13,16,18,0.1675489795172324,1,4,10,6,0.9642262213221743
125,125,125,125,125,18,19,23,30,0.8466146337418865,12,16,29,32,0.5939053847991274,15,17,26,31,0.833770661208546,1,4,6,13,0.916946720836768,7,20,26,31,0.9738263867588666,18,19,22,23,0.8384644238874805,2,8,16,19,0.4113298879951539,10,21,24,27,0.8833328615907491,8,10,13,17,0.860182290825594,5,6,13,17,0.5759896703641424,1,4,10,6,0.963870250056933
126,126,126,126,126,6,8,13,14,0.9647110032444548,10,13,24,39,0.5875417636060405,19,25,35,52,0.9519801517104888,8,16,20,22,0.8508332981940667,6,13,27,31,0.9488500621520574,13,16,26,30,0.5725695728719775,10,13,25,27,0.9499774295741764,6,8,10,14,0.9357336164468112,5,21,27,37,0.7593650121856006,5,6,19,26,0.8952771848084384,1,4,10,6,0.963756076196352
127,127,127,127,127,11,30,32,36,0.9326354115887752,1,8,14,15,0.8569781921502349,8,11,18,20,0.8750506403413795,8,10,17,18,0.8651411466137174,5,8,10,13,0.6658092123844451,6,10,16,20,0.9009800783191466,5,13,16,27,0.2834690838776988,5,24,27,32,0.9104958710215384,8,10,17,22,0.9773060413576706,5,8,19,21,0.6263816070559992,1,4,10,6,0.9595421741519403
128,128,128,128,128,4,22,27,28,0.8220956119857399,3,5,9,32,0.5767884539609136,1,9,19,20,0.9385237876486212,5,16,18,21,-0.6490843089268621,5,6,10,15,0.6818385064049691,5,6,14,17,0.934046993516807,21,27,34,37,0.5954945911246459,10,12,21,27,0.7936657487861465,5,6,10,18,0.7215622910892378,10,14,21,25,0.8915730761208711,1,4,10,6,0.9641473716662435
129,129,129,129,129,15,21,24,35,0.4592917371046601,6,13,19,20,0.914992216235068,6,7,14,19,0.8718405388167683,6,7,16,24,0.8401659760343355,6,13,18,21,0.2570180633869989,10,17,30,34,0.8041663731824256,1,9,14,17,0.9102839060875918,6,17,27,30,0.94593267635112,5,6,10,16,0.6912973529198388,5,6,8,10,0.932418726709091,1,4,10,6,0.9600372720392253
130,130,130,130,130,4,5,6,7,0.9357065497381928,4,10,16,17,0.8593570925121534,4,8,13,19,0.8928480650789626,13,21,23,24,0.6962452451137652,5,6,8,13,0.6550663433982356,10,13,14,15,0.7217215605700814,6,13,24,27,0.9144503972036148,6,7,10,18,0.8942989152420144,10,13,17,19,0.8701978353731581,6,10,16,18,0.5687891633404518,1,4,10,6,0.9641886179033723
131,131,131,131,131,3,17,20,21,0.5565835894506808,7,16,18,25,0.5348757971970499,3,32,33,47,0.1001853913867237,2,3,8,10,0.6710257934599346,10,27,30,45,0.8457479983783689,5,10,19,21,0.6572628738254311,2,5,11,12,0.3743748296168703,8,11,18,19,0.8266576285310033,6,8,10,17,0.9699852474801997,10,16,17,18,0.4841755942246337,1,4,10,6,0.9649513682308042
132,132,132,132,132,4,10,15,32,0.8646784002663943,13,25,40,44,0.0427714280395961,8,22,32,35,0.9393802677767836,24,32,33,41,0.4066235691871714,16,19,27,35,0.8327002229028577,10,13,16,31,0.6660761665656696,5,10,27,31,0.946828264423522,10,20,21,39,0.5127831147803141,10,17,21,22,0.8757456876222273,18,21,27,30,0.5564301897540478,1,4,10,6,0.9608318427484942
133,133,133,133,133,2,4,10,16,0.5185133411193021,4,10,20,26,0.9509381259286018,2,23,28,48,-0.1685714591125786,9,19,21,22,0.8231930219132353,19,25,32,34,0.8536035903010737,5,8,10,11,0.8902576368718239,5,6,8,13,0.6646038824157814,8,10,17,21,0.8723578242380257,5,6,10,12,0.8706380655966406,5,10,19,20,0.9114021964056824,1,4,10,6,0.9600376186140787
134,134,134,134,134,2,3,7,39,0.1148825938413187,4,5,12,21,0.464841977698317,3,17,30,32,0.8016634850524098,6,10,23,30,0.9695062606239816,20,30,45,46,0.7859863337653008,16,36,40,56,-0.0068721524719312,5,10,13,17,0.5759829102658229,5,6,10,13,0.6976688091857806,5,7,10,33,0.7108531733230777,6,21,22,30,0.877639504807968,1,4,10,6,0.9636482908311744
135,135,135,135,135,6,21,26,35,0.8625757978308298,1,6,9,13,0.8724314141190268,2,4,10,20,0.8946478525855708,1,8,10,18,0.9000199860356486,3,6,7,20,0.9518092691274952,5,7,13,19,0.7065675482149906,6,7,18,20,0.901710438442366,13,16,17,31,0.5159386343501307,5,13,16,17,0.0225767255899298,5,13,19,23,0.6684678021103378,1,4,10,6,0.9632147996610158
136,136,136,136,136,4,13,22,24,0.7603892363734788,4,5,6,7,0.9354881490066184,7,8,17,30,0.9099015858898348,5,21,25,42,0.4458517469338781,12,17,19,21,0.6452860897799224,2,5,7,16,0.1691882016236846,6,10,13,19,0.9254058247933524,10,16,26,27,0.8759400407311043,5,6,10,16,0.6877106671703974,6,10,16,17,0.8736165080586088,1,4,10,6,0.962939258407974
137,137,137,137,137,2,5,8,10,0.6765879782379265,4,5,11,23,0.8598391374586491,5,23,25,30,0.8705839961217718,7,18,19,28,0.4537269258662925,10,16,19,28,0.4289537907003982,5,7,16,21,0.21623866912718,5,8,10,14,0.9617455464900422,5,17,25,27,0.8706698624199416,6,13,17,20,0.8598804516333343,8,10,13,16,0.6607402544020777,1,4,10,6,0.9635855563993221
138,138,138,138,138,2,13,21,25,0.1675589448024074,3,10,14,20,0.9602297145402476,17,25,36,41,0.5135612127001621,5,6,11,22,0.7965483336917031,13,17,22,23,0.8788274491488013,5,10,14,17,0.9341460368360488,5,7,13,16,0.2901148154418702,5,19,22,23,0.8854269243676673,7,17,19,21,0.829396945813621,5,6,10,13,0.697318071782054,1,4,10,6,0.9636692925171382
139,139,139,139,139,2,13,18,21,-0.5897865760364815,10,18,23,31,0.9209812529405308,5,8,14,18,0.7223406320151953,2,5,6,8,0.6761331625643368,5,7,13,16,0.2887175870028893,7,18,19,26,0.8370703383864693,1,5,13,16,0.145456057212899,8,18,20,30,0.8130633164563583,6,7,10,16,0.8800845566156359,10,13,19,20,0.9113769987569108,1,4,10,6,0.9642045066449644
140,140,140,140,140,7,21,25,27,0.8949100667628063,13,16,17,22,0.5253975948069999,6,7,27,32,0.8938913515482434,13,29,30,32,0.8453648438184083,16,41,43,50,-0.348793589688152,19,27,33,38,0.4069782067994127,8,27,29,30,0.9570340067907548,5,10,16,17,0.5851387699710788,5,10,20,37,0.9306001002907264,5,13,18,19,0.1688746117810415,1,4,10,6,0.9611366005516357
141,141,141,141,141,2,6,16,17,0.4683509997617052,2,13,18,24,0.0905325244048289,6,8,17,25,0.9452516638977592,2,5,13,18,-0.4872409771268255,3,6,10,17,0.8917960828750833,2,26,27,28,0.5344194569859884,6,13,16,17,0.5857881829922519,18,21,31,33,-0.0939376216203673,5,6,10,16,0.6840379946392653,5,6,10,13,0.695020302055251,1,4,10,6,0.9649131248227153
142,142,142,142,142,5,7,13,21,0.367052285526986,10,17,20,28,0.8446453748664353,9,10,13,15,0.5953920605137772,15,19,21,25,0.4381215489425937,5,6,8,13,0.6523567675116616,5,10,21,30,0.6472329305106717,5,8,17,18,0.5428550230579228,2,5,10,19,0.6257274967127435,8,17,20,21,0.8082483385490837,6,7,17,19,0.9657157911553168,1,4,10,6,0.9654796074394854
143,143,143,143,143,8,18,26,28,0.523531375708387,1,7,10,11,0.947181304007232,6,16,17,18,0.4858204956648583,10,18,20,27,0.911829781320586,5,7,10,19,0.9402326348983728,6,8,17,25,0.945556028973222,6,13,17,18,0.6300495897572567,5,17,27,28,0.6139224971291316,10,13,17,27,0.9160024737185573,5,7,8,10,0.953071454401742,1,4,10,6,0.962341641569752
144,144,144,144,144,4,8,13,15,0.612793951357959,2,3,6,9,0.6084960941567434,5,24,29,36,0.6014814106072406,10,12,18,31,0.7636951545908137,6,18,20,27,0.9114240844227708,2,10,17,31,0.8497840601148365,2,8,13,16,0.0670060660535999,20,41,46,47,0.374061748963822,5,6,10,20,0.9282738084962228,5,6,21,35,0.6891793687821002,1,4,10,6,0.9662419884957871
145,145,145,145,145,3,11,17,24,0.8031639027176529,2,4,7,29,0.7746690181208251,10,13,30,32,0.9090995986525404,10,20,21,27,0.918144519076163,3,10,24,28,0.6140063051566358,5,13,15,17,0.0194585215643606,5,7,10,17,0.921221954478898,10,11,20,34,0.8585347547775425,5,13,17,19,0.5088323769413132,13,17,22,25,0.8419509332876507,1,4,10,6,0.9622875446626961
146,146,146,146,146,9,12,19,21,0.6416591860770311,4,8,11,21,0.8566826503997265,4,10,16,21,0.5392833928449459,1,4,5,25,0.8916925868929346,6,12,18,30,0.7322154879816013,10,15,20,24,0.8569395189373032,5,16,19,25,0.5519644240320751,5,10,18,19,0.6343854107873916,5,6,13,24,0.6100367066837609,5,10,13,21,0.2927017493274483,1,4,10,6,0.9669079938237471
147,147,147,147,147,11,19,20,36,0.8911643104930431,6,10,22,30,0.9702598078926524,6,8,14,16,0.8678278738320528,21,24,36,38,0.0393383111071887,16,18,20,23,0.5477659578394225,5,8,17,28,0.5048865191859788,8,13,19,20,0.8677157582652588,5,6,10,14,0.9591727035792832,5,6,50,55,0.688314106874263,17,19,24,35,0.9667091751184425,1,4,10,6,0.9666254106632881
148,148,148,148,148,5,6,20,21,0.6968839130783511,20,30,33,37,0.8439206896339296,8,16,21,24,0.4949289114686255,5,10,16,17,0.5707280831710333,3,6,16,21,0.169137069025933,4,5,6,14,0.9423792923485944,1,5,18,22,0.6113314248557646,2,4,5,6,0.6594721390734866,6,13,17,21,0.6367259687137765,6,16,18,21,-0.0423452986535592,1,4,10,6,0.966781919602882
149,149,149,149,149,6,21,27,31,0.9171668102786236,11,21,22,46,0.7764561385650948,10,16,27,44,0.5026836047350547,6,10,14,17,0.9526363392918216,5,17,18,27,0.6309303508292785,2,6,17,18,0.4976821675864467,5,6,13,17,0.5647958966017449,5,6,7,29,0.9089243771141672,8,10,19,31,0.9811143772765673,5,8,10,13,0.6458786975606547,1,4,10,6,0.9670027913510245
150,150,150,150,150,2,7,8,13,0.7014836051312561,1,2,10,12,0.7569682992866497,21,25,31,32,0.9011638733816184,6,11,16,17,0.8328693650388108,10,12,16,17,0.6975411643976286,5,9,16,19,0.4830533916997798,2,19,21,34,-0.2397184700661339,5,7,10,17,0.9181973820502574,5,6,8,13,0.6473233825392657,10,21,53,57,0.4469135484019555,1,4,10,6,0.9667793575237592
151,151,151,151,151,3,5,6,7,0.7404861873030681,5,6,17,18,0.6105941713373971,5,17,21,22,0.565538313901213,5,10,27,41,0.6640115928042053,10,28,35,36,0.6561828419319463,3,7,11,16,0.6203796699173274,7,10,13,16,0.713155644723348,5,6,7,16,0.7061152275572391,5,7,8,21,0.721937349669926,10,13,19,27,0.938966425376236,1,4,10,6,0.9667298350184949
152,152,152,152,152,4,5,13,20,0.6074759565809874,13,16,18,20,0.084677788378963,1,5,6,8,0.9015881207147912,5,19,27,43,0.8672746207608001,5,6,7,8,0.9513856855300366,13,20,21,27,0.7216611493705727,5,6,7,10,0.9537683119195284,5,8,13,17,0.482677172470688,5,6,10,21,0.7287337298224752,5,8,17,20,0.78298161309325,1,4,10,6,0.9669396247425213
153,153,153,153,153,2,10,15,17,0.4635342311807795,7,17,18,26,0.8733088940600471,13,14,18,19,0.6719340478221438,3,5,13,16,-0.5608652336529238,10,16,30,34,0.4594845105166077,10,14,19,22,0.9080205990081116,6,10,18,21,0.6121720025982875,7,13,17,19,0.8926806487721322,5,10,16,18,0.1539519713567696,5,10,13,20,0.6561521707264277,1,4,10,6,0.962769318214403
154,154,154,154,154,10,11,14,25,0.9364588240553928,3,5,11,26,0.5342728221966814,7,10,14,21,0.8357111586895836,14,15,18,21,-0.0794911083947818,8,11,18,31,0.8700859066751727,6,17,18,19,0.8329115657905856,5,8,10,16,0.6524406287655369,21,34,41,52,-0.2014594656798696,8,13,21,28,0.1439893924435085,6,10,16,21,0.5834737384196653,1,4,10,6,0.9629098656498275
155,155,155,155,155,6,7,10,16,0.8781259498128462,1,23,25,27,0.9617213693683648,11,12,16,19,0.6017015445768029,3,6,13,16,0.2012820179786204,9,10,16,17,0.7894960843442475,5,24,32,38,0.5952567260404258,13,17,19,21,0.5372714864773325,5,6,8,16,0.6439118929427258,5,6,13,17,0.5663797247228077,6,10,16,18,0.560029645180361,1,4,10,6,0.9667410148462408
156,156,156,156,156,8,10,21,23,0.9256750603458244,2,10,11,28,0.4729834897971295,5,7,8,9,0.892767182984618,6,18,19,49,0.3871321715835316,1,10,13,16,0.6625844679060757,10,13,21,24,0.6712079970317827,10,13,17,20,0.8610618689078762,5,6,18,19,0.6428564154995006,5,10,16,23,0.7054312761936036,5,6,7,13,0.7594935100460889,1,4,10,6,0.962511335211717
157,157,157,157,157,43,46,53,55,0.955183349633042,2,3,5,14,0.3390413249748972,10,15,20,33,0.490804994136772,5,13,16,17,0.0225836968742201,7,13,21,23,0.779976681786645,10,13,16,17,0.5889936317321904,8,10,13,17,0.8619154698278846,5,11,17,20,0.832274720105791,5,16,17,24,0.5174023116235282,5,10,20,35,0.911703911303706,1,4,10,6,0.9620583720498208
158,158,158,158,158,4,8,18,23,0.907229285261084,7,14,20,21,0.8493883343860705,2,4,7,21,0.5538768205907916,3,13,24,37,0.6076521740959722,2,3,6,19,0.6191364507955865,10,16,19,32,0.8466561805417514,5,6,8,10,0.9288946040928276,5,10,20,32,0.9278431258371908,5,6,13,18,0.270516180573837,5,6,26,34,0.6420253132816448,1,4,10,6,0.9654437439384624
159,159,159,159,159,8,10,14,17,0.9529866241800046,9,10,13,22,0.8698665226683615,4,5,6,7,0.9340460563673616,32,37,51,54,0.94749384212548,5,6,13,18,0.270296469360074,2,8,16,19,0.4001594329735692,6,10,13,17,0.8976853681045983,5,17,26,39,0.5014346085697281,17,18,19,21,0.4042237601387911,4,5,18,19,0.5920410156822979,1,4,10,6,0.9653367837799299
160,160,160,160,160,1,6,10,14,0.931994186236174,1,16,19,23,0.8534603630429436,4,15,28,34,-0.2261515659607837,4,11,13,17,0.8378635232831191,5,6,18,20,0.690589996601779,8,10,18,19,0.864152153214886,5,8,21,24,0.6447344994990042,7,13,16,20,0.6879411109577214,10,17,19,24,0.976634906466829,6,13,22,43,0.8593707651398957,1,4,10,6,0.9616824102817784
161,161,161,161,161,3,7,36,38,0.3482363468791356,4,5,10,19,0.8919917529642097,3,5,18,21,-0.4490387650685892,6,14,20,21,0.8884591281564502,5,8,13,24,0.5816835420061779,10,13,22,23,0.901243905787064,17,18,19,21,0.4060337402116882,6,10,11,19,0.9353744073167558,5,6,8,10,0.9292054160949672,7,8,10,12,0.959547677693987,1,4,10,6,0.9653877265686909
162,162,162,162,162,2,10,13,14,0.7445670672168501,13,16,19,23,0.6337325519197521,7,13,17,32,0.925052855761362,5,6,8,19,0.9097562249442313,7,14,21,22,0.8116938648076828,8,16,24,26,0.832385311307203,19,27,32,38,0.8345854483716904,5,10,13,20,0.6596201853726266,17,27,41,43,0.7121032747333148,5,7,10,18,0.7468960255029538,1,4,10,6,0.961262900999149
163,163,163,163,163,7,12,16,24,0.6930361070557705,5,12,13,28,-0.1189334711698109,3,52,54,59,0.7912273382329524,6,16,18,23,0.5795590503310681,5,6,10,13,0.6919198757660094,20,21,31,35,0.8926256079791995,8,13,18,19,0.5985944744724396,8,10,18,19,0.8619082313496585,5,6,8,10,0.9288090633419742,5,6,7,10,0.9538561898419746,1,4,10,6,0.9658101564272685
164,164,164,164,164,17,23,24,29,0.97399384051999,2,13,18,26,0.1360715374045813,4,16,19,20,0.825904479082328,18,19,20,26,0.8468330119378485,3,5,6,13,0.1768021203710504,8,16,17,18,0.4158730552257654,6,13,18,20,0.6914044403864906,5,18,21,31,0.1635109641307527,7,10,13,20,0.9548988610063934,6,13,17,18,0.6236943594940401,1,4,10,6,0.9648631270468583
165,165,165,165,165,4,10,12,50,0.7595230178358374,5,7,21,24,0.6959117158694131,1,17,19,26,0.977585981677015,5,7,10,20,0.9521367069247026,16,19,20,28,0.3883288995263156,6,10,13,21,0.7406456236209273,5,10,16,19,0.6008158740265496,10,18,19,21,0.5052036669664792,5,13,17,20,0.4909956550774559,6,13,16,17,0.5852215529955871,1,4,10,6,0.9644431082657288
166,166,166,166,166,17,18,35,40,0.4676138931146099,22,24,29,32,0.8873747911746359,2,7,9,17,0.7991543059269551,11,19,21,22,0.7524606556279959,8,10,16,21,0.55809979055954,1,10,18,19,0.8639066923797892,2,13,18,20,0.1287016687623763,10,12,13,18,0.496570756682189,2,10,19,21,0.4923751386900445,5,10,16,18,0.1493420928391294,1,4,10,6,0.9647813425323661
167,167,167,167,167,2,28,31,35,0.506204270527414,9,11,14,15,0.8261090859051703,16,25,32,33,0.4994393849924757,3,10,25,27,0.9456473821610848,8,14,17,21,0.8464732865681006,6,10,21,32,0.9105796309845856,18,30,38,41,-0.4058511291926114,10,16,18,20,0.5431716393037959,5,7,21,36,0.4377227244377739,5,6,10,18,0.7219508033407968,1,4,10,6,0.9613056405528021
168,168,168,168,168,1,15,20,25,0.835067796383236,1,6,9,21,0.8729891867176311,5,12,15,25,0.3859461012102091,6,13,19,38,0.594353937575066,3,5,14,18,0.3503501092609762,5,6,10,34,0.6848113181723983,2,4,6,11,0.8104299723520373,6,10,19,21,0.8736900978589801,5,6,10,18,0.7158492554274698,5,6,19,21,0.6524628362121438,1,4,10,6,0.9653290825063714
169,169,169,169,169,20,28,39,41,-0.4141443456036668,5,6,13,18,0.2699166909964402,1,13,14,28,0.7004552143804801,4,10,16,17,0.8550269766268118,2,6,8,9,0.8583929311175889,6,10,13,21,0.7372334490967294,6,12,13,16,0.4512585396611939,5,8,13,17,0.4872206444151387,5,6,24,33,0.5935757903354402,5,6,13,18,0.2699166909964402,1,4,10,6,0.9654859675147583
170,170,170,170,170,2,5,9,13,0.0773926768384207,6,8,9,10,0.973773411998916,10,14,17,30,0.9431729013755868,6,10,20,27,0.9593627298894302,2,3,8,14,0.7030921456188595,8,19,21,35,0.8550595596373369,5,6,10,13,0.6937653401130884,5,6,10,17,0.8939505479203775,5,6,10,17,0.8939505479203775,5,6,10,13,0.6937653401130884,1,4,10,6,0.9649439901831373
171,171,171,171,171,3,16,22,26,0.5296026263882277,19,20,22,24,0.9392249493685304,11,32,36,41,0.572714761067246,5,6,14,26,0.9418612740004472,7,8,11,13,0.9235064984572692,17,30,34,37,0.7965755936460831,10,13,17,27,0.9142699030411564,6,7,10,17,0.958584976294654,5,6,10,21,0.7329339157813379,17,19,27,30,0.9380484898121064,1,4,10,6,0.9644405929077446
172,172,172,172,172,19,32,40,45,0.3681822765823409,19,26,28,30,0.809881780619526,27,43,54,58,0.8526668968643898,5,14,17,18,0.6567130226310981,42,45,53,56,0.5719240359413056,8,10,16,18,0.5396732578193097,5,18,21,25,0.1672968113678739,6,7,19,21,0.856626672877935,10,17,19,20,0.9676271425492988,18,27,35,41,0.4785787962222547,1,4,10,6,0.9645399679850982
173,173,173,173,173,5,24,32,36,0.7565345334894282,1,13,15,18,0.1046607223965971,19,26,31,37,0.976378255649388,3,13,29,31,0.5228919902945687,5,6,17,21,0.6409281569327391,9,10,16,22,0.8419788431958399,4,17,19,29,0.949827648616433,5,6,10,13,0.7011052622877425,5,7,13,17,0.645212115120825,5,13,17,18,0.0948874963874972,1,4,10,6,0.9607246188339202
174,174,174,174,174,7,15,16,20,0.483112785787688,5,10,16,17,0.5729697243958614,3,12,14,21,0.529097885298996,5,15,20,58,0.1464479424801636,5,18,22,27,0.6642302089855524,1,5,6,7,0.952949848735663,10,13,20,21,0.7049446935979896,5,17,18,21,0.0576002764417157,5,13,18,20,0.1950292854370924,2,5,13,17,0.0518892861589974,1,4,10,6,0.9654768156267625
175,175,175,175,175,2,10,17,18,0.501260976642572,2,13,14,16,0.1710869993564991,7,16,37,38,0.4989618685199946,1,4,32,33,0.8781300154954708,8,10,13,14,0.9633749990650308,2,5,10,13,0.2475098738514115,5,10,20,21,0.6976634908469503,6,19,28,31,0.8489670995961667,6,13,16,18,0.1575903528864686,17,21,25,32,0.866379872954659,1,4,10,6,0.9658739498177747
176,176,176,176,176,17,30,35,38,0.7669126301515015,5,6,7,17,0.9191866256353194,2,20,22,25,0.8630916829664279,5,16,17,18,-0.0309132672528307,3,22,32,39,0.5619307593265307,4,5,10,17,0.8770120919774828,5,8,10,13,0.6501484704694371,5,8,16,17,0.4979311576811813,5,6,16,17,0.5727659513760495,5,6,16,17,0.5727659513760495,1,4,10,6,0.9656225467785408
177,177,177,177,177,13,19,30,34,0.5054148479018273,16,19,34,37,0.4150767629092192,8,13,19,21,0.6177058694564451,5,6,19,20,0.906224642399093,20,29,32,36,0.8764975956651916,5,8,10,13,0.6523278554193426,6,8,10,19,0.9811857319735278,7,10,14,16,0.8200481411163731,6,17,19,20,0.9675198290684012,5,9,10,13,0.588295620050531,1,4,10,6,0.96499857739228
178,178,178,178,178,8,13,35,38,0.6102894311213354,1,5,15,21,0.110083503978263,1,3,5,16,0.1206199620503523,19,20,22,27,0.9708957025499592,10,16,22,26,0.7989580452829284,1,13,59,64,0.779988322230721,5,13,16,18,-0.5414590237997383,5,6,30,31,0.8658388233643073,5,13,17,19,0.5010191800396768,3,4,6,8,0.9092020348667984,1,4,10,6,0.9644475185489774
179,179,179,179,179,8,25,26,31,0.9770155324309376,5,7,10,17,0.9201482009379832,1,15,23,26,0.8904730952952614,6,17,19,38,0.7924287256698193,5,13,16,17,0.0163971804452123,13,19,36,38,0.1963886096907722,5,6,20,53,0.8954842860817194,5,8,10,13,0.6545668592974063,5,6,8,16,0.6504415494533223,6,16,26,32,0.8662768394723501,1,4,10,6,0.9638958850791656
180,180,180,180,180,6,13,17,18,0.6347298385061564,14,45,46,54,0.6073455860712543,2,7,18,20,0.553696157539,7,16,17,18,0.4790304791771084,5,10,17,20,0.8597565049911131,8,18,22,28,0.4866848272468249,5,6,8,10,0.9323212829534344,8,13,19,26,0.896579049664566,5,8,11,19,0.8668020477742259,5,8,13,16,0.1557042784899561,1,4,10,6,0.9596468012695758
181,181,181,181,181,4,9,11,13,0.8402387478928098,2,17,32,36,0.6424665557880754,4,8,18,19,0.8469915731102318,7,12,14,25,0.9031798624598474,7,8,35,40,0.8813854666851977,6,19,20,30,0.9724237004830154,8,12,13,17,0.737367840756658,5,8,10,16,0.649818299923978,6,8,10,16,0.8974542816491601,5,10,23,25,0.9382380843838152,1,4,10,6,0.9637764082170184
182,182,182,182,182,5,7,21,29,0.6035082558953786,1,18,20,29,0.7815386789473534,7,10,11,12,0.9155582831561816,5,9,18,21,0.0972310932299826,5,6,9,18,0.6411509446252401,10,17,18,29,0.7782502398562268,6,18,19,21,0.5123205019261423,5,8,30,37,0.8722297555740446,7,38,41,43,0.2931126831032187,3,4,5,10,0.6471417238257655,1,4,10,6,0.9591673042781469
183,183,183,183,183,4,6,10,16,0.8650931101316834,6,8,27,38,0.8832360352103517,5,6,7,13,0.7662144800628505,3,7,13,16,0.2991956480663819,10,19,24,26,0.9105543093084963,5,20,45,49,-0.1252893074029342,5,10,13,16,0.2363222004106898,5,17,18,30,0.4805453615332297,5,7,10,16,0.7173982898079962,5,6,7,16,0.7176244246476627,1,4,10,6,0.9577076642625433
184,184,184,184,184,1,15,21,24,0.5081475618008611,1,13,14,26,0.9563758599239134,13,22,23,37,0.9020885327607182,5,10,11,18,0.6448064064674024,5,8,17,19,0.8253230221758205,6,10,22,32,0.897263808504132,10,13,16,32,0.7013663266494936,10,21,22,24,0.8024553451677903,5,18,20,21,0.1917714325490552,5,17,31,32,0.863568804160556,1,4,10,6,0.9559589182728798
185,185,185,185,185,3,20,24,33,0.5819275554269177,5,9,10,19,0.879301372432006,5,13,17,24,0.5236853433386163,10,14,19,23,0.9104411085921412,5,8,9,10,0.8712062859247746,10,16,17,20,0.842810640233747,3,10,11,17,0.8607844382297566,5,7,8,10,0.9536764991469262,5,13,26,32,0.6596835913457066,10,13,21,23,0.7657127870158555,1,4,10,6,0.9596057033146514
186,186,186,186,186,19,24,27,30,0.9727086000056712,2,8,12,13,0.45599535899538,3,5,16,17,0.0320208304023796,5,17,22,30,0.8007241887073417,5,8,16,19,0.5782359128380612,5,17,18,22,0.5746049116042242,6,10,20,21,0.9210921107774072,10,13,18,19,0.66379071281864,5,10,17,18,0.6380055065674459,5,10,21,27,0.7686061189079109,1,4,10,6,0.9535663520421173
187,187,187,187,187,14,15,33,35,0.4473641311060182,4,12,16,32,0.7269954882921407,2,6,12,17,0.7250309850086412,6,13,19,21,0.6715760549550527,5,6,7,14,0.954459305744482,5,6,8,36,0.8002511635264704,3,5,8,11,0.5721852421064717,5,13,16,27,0.2800338454411274,5,6,8,10,0.9326813112048914,6,13,16,18,0.1770432213827668,1,4,10,6,0.9586292733874391
188,188,188,188,188,3,5,7,10,0.7525317004704302,1,3,5,8,0.5894736250696881,6,17,20,33,0.8412740178930548,9,18,29,43,0.6616706794109091,13,16,43,44,-0.1228857555003244,5,16,17,20,0.5146761404609148,5,10,18,20,0.6948782830975935,6,10,21,24,0.8712364791852274,5,6,27,33,0.7104546180695464,13,18,20,27,0.7214729603454753,1,4,10,6,0.958814582173406
189,189,189,189,189,2,5,6,7,0.7375484262983841,7,22,35,39,0.7832151182116437,1,13,31,35,0.9019426942042412,3,7,10,24,0.9137997784202012,7,17,18,20,0.8499296405696916,5,8,16,17,0.5159396359601398,3,6,10,21,0.7387719569615663,5,9,13,19,0.534960561487343,5,6,8,10,0.932732370847388,5,6,18,21,0.2456512177568039,1,4,10,6,0.9586828145545373
190,190,190,190,190,8,15,16,20,0.4535200448073515,16,19,24,29,0.6708510498869334,1,8,12,16,0.7142637001702771,5,8,20,26,0.8963607111184426,36,39,54,56,0.5428261853518591,7,10,14,21,0.8311115170665886,2,6,43,47,0.4504203539548223,5,10,13,41,0.1871895570765449,6,13,16,19,0.617561548209955,6,8,20,21,0.9042544511954144,1,4,10,6,0.9587845846189845
191,191,191,191,191,5,10,17,26,0.8832774578799303,11,12,16,22,0.5978345832257985,11,14,29,38,0.7007555799033361,5,7,34,37,0.7188202605052629,17,19,21,27,0.8398706312152951,5,10,13,16,0.2306174669593859,10,12,27,32,0.9507914119396788,2,10,19,20,0.8581561154276898,5,18,19,27,0.668647882806638,6,10,19,20,0.9765448346052752,1,4,10,6,0.9589534009577179
192,192,192,192,192,3,6,8,12,0.8490511492436004,8,17,27,28,0.8461869794256818,6,10,16,36,0.6943331006846336,2,16,18,27,-0.062702183580841,4,9,24,34,0.8249550351124875,14,21,32,41,0.4883371958886477,5,6,14,18,0.7534250301036098,2,6,7,13,0.745652481641134,5,6,13,17,0.5893051138624887,6,10,17,19,0.9762246524742828,1,4,10,6,0.9577773996748912
193,193,193,193,193,12,13,16,19,0.3573832846960103,2,20,28,34,-0.1513983806934646,5,10,16,18,0.1783964219057955,5,10,16,30,0.614148306677816,4,10,13,18,0.6974866312520696,3,5,6,8,0.6637066502146166,8,10,13,18,0.7110111485144617,5,6,7,10,0.9509065247518056,5,6,29,56,0.8399395443589239,5,10,17,21,0.6545068839426634,1,4,10,6,0.9530094400335398
194,194,194,194,194,1,8,9,14,0.9324707438531988,17,26,27,30,0.9620850537461296,18,19,21,29,0.272263498508828,2,33,38,41,-1.333993967137841,16,18,23,36,0.1789873816690864,10,17,18,19,0.8359958694800708,6,10,19,20,0.9753422694073324,8,10,16,18,0.5498048637798341,3,5,6,10,0.6948079043791,10,21,32,36,0.7276817447376711,1,4,10,6,0.9573671637083859
195,195,195,195,195,1,9,19,22,0.9776301090061708,3,10,20,24,0.8976208906143186,5,6,10,11,0.8788165111717269,2,5,6,16,0.160035463108882,10,11,16,17,0.8402211963770627,6,7,13,17,0.9288128532512452,2,5,10,13,0.289620411552705,8,10,14,16,0.8636787672203455,8,13,17,20,0.8113811967309105,5,13,16,18,-0.4861602494874693,1,4,10,6,0.9516722180339925
196,196,196,196,196,11,16,17,25,0.8235546790896928,5,13,17,27,0.6290420463802102,2,4,10,17,0.8740404419534281,5,8,10,13,0.6703887157867301,19,20,32,35,0.9735535319795172,4,5,8,17,0.8557378602205609,6,10,16,17,0.8739317123761207,13,17,18,19,0.5449404455401442,5,10,21,27,0.7658053960012611,5,6,10,13,0.7088242593007044,1,4,10,6,0.9565568824999824
197,197,197,197,197,14,23,28,53,0.8341387877592988,3,13,15,18,-0.4962211386930462,8,25,28,32,0.8919290936674865,2,6,17,20,0.8612448725259183,8,13,16,34,0.0812211147702297,19,20,36,63,0.7058173990910656,13,19,21,29,0.4956231574920866,5,6,7,10,0.9507193786374954,6,21,29,30,0.8010654344708986,5,6,18,24,0.6608948839581902,1,4,10,6,0.9511321516076714
198,198,198,198,198,3,14,16,17,0.6368684069016541,2,5,24,28,0.0647915955359005,2,10,19,21,0.5088842060483668,7,16,18,20,0.5421748216291972,8,13,24,27,0.9248338926586998,6,18,19,30,0.8467851923627832,6,10,21,42,0.7639709103980148,13,20,23,64,0.953760237869312,6,10,16,17,0.8754071306755927,5,6,10,16,0.7002421558845229,1,4,10,6,0.9512077670464526
199,199,199,199,199,3,20,23,30,0.8730345312650047,4,5,6,9,0.8924485551707668,5,12,14,25,0.8792764290233643,10,13,17,18,0.6395124161368545,1,8,10,14,0.9439692299130276,3,4,5,23,0.675097913790586,5,8,10,17,0.8627807682082544,5,16,21,26,0.1407048775145404,5,6,10,13,0.7075076671797367,5,17,18,21,0.0862979583584535,1,4,10,6,0.9574679710320696
200,200,200,200,200,6,29,30,40,0.7753331796093963,1,3,5,14,0.7568381975983915,5,24,44,48,-0.1196939312008369,8,20,21,22,0.8865046484366843,13,17,18,30,0.5021002857368749,17,24,25,27,0.9726483484433804,5,10,18,27,0.7556499525696829,5,8,10,14,0.961472473575538,5,10,13,17,0.6008873870410267,3,10,13,20,0.6743102084638177,1,4,10,6,0.9523755667595871
201,201,201,201,201,4,7,10,11,0.877787815198182,16,22,30,33,0.3858293279771477,7,11,13,16,0.6455245907873555,7,17,22,31,0.97174162245797,11,13,16,17,0.52925648504214,10,21,25,27,0.9188897394447352,5,18,20,21,0.1876258972705505,4,5,10,24,0.8465331044241456,16,20,21,31,0.5209467445754101,5,18,34,41,-0.8172065078336646,1,4,10,6,0.9574559728835991
202,202,202,202,202,1,2,16,17,0.4176111547366552,3,10,17,21,0.6422439468238272,18,29,33,54,0.2981791959294058,3,5,8,16,0.1409533952334731,5,6,7,9,0.9312587871159772,5,8,9,17,0.7371559972820287,10,17,19,20,0.9669578497521828,5,6,8,16,0.6608062290430801,5,17,27,35,0.904004693912978,5,13,14,17,0.6863945622747977,1,4,10,6,0.9583320922719332
203,203,203,203,203,2,7,10,14,0.8213967871051586,6,12,14,20,0.939258331878988,1,3,6,7,0.953311511824532,8,25,27,29,0.9681441013181522,8,21,22,36,0.6652197540128963,6,8,11,13,0.895550172591612,5,7,10,16,0.716885480720838,5,6,18,27,0.749609813807945,5,7,10,18,0.750580640520138,2,5,10,13,0.27200936089493,1,4,10,6,0.9584209467757112
204,204,204,204,204,7,13,21,26,0.7397546366206997,2,3,18,23,0.2268982586698578,9,22,24,29,0.9357803432885162,2,6,9,10,0.8920782517539485,10,14,27,32,0.8664693558702394,15,24,30,32,0.8469418576232735,5,7,10,16,0.7179831564591725,5,6,10,13,0.7068681116159514,8,10,16,18,0.5511809117233348,5,10,13,16,0.2365469653619041,1,4,10,6,0.9578804712378336
205,205,205,205,205,4,5,23,30,0.9022149250405838,6,9,18,32,0.8968586403665549,5,10,19,32,0.9215928392509446,3,21,22,28,0.0857708544290689,10,20,22,27,0.9511321146709578,6,7,16,17,0.8619926543309365,8,13,17,18,0.5664678395833935,6,10,19,20,0.9765604687533026,8,10,13,17,0.8657656217459685,5,10,16,20,0.6594647422007031,1,4,10,6,0.9589255196152696
206,206,206,206,206,5,11,19,37,0.8656263180404749,5,10,16,17,0.5878663267777089,6,9,14,16,0.8547621174306278,5,6,10,17,0.8989045735820363,2,3,14,17,0.6499356918348311,16,17,19,20,0.7730614671838774,10,16,20,21,0.566434458424834,16,17,20,21,0.4484769500525845,7,10,19,21,0.8553049751879012,5,10,19,21,0.6649911166894977,1,4,10,6,0.9587171757068534
207,207,207,207,207,3,5,8,19,0.592955190985765,14,23,32,35,0.8878421237639438,5,8,10,27,0.9475409112544456,1,4,10,37,0.9570946619727974,4,5,11,23,0.8608365292549439,13,19,20,24,0.879320427652578,3,10,18,21,0.2444962976209342,5,6,10,17,0.8994971319076117,5,8,21,27,0.7322112183256855,5,6,8,10,0.9331547707281012,1,4,10,6,0.9580028063459641
208,208,208,208,208,1,18,23,30,0.8750699226813704,14,28,36,39,0.0316098507689978,6,8,10,17,0.9650513987126468,16,17,19,27,0.8142940683449262,3,5,17,23,0.5972127888871159,13,20,22,26,0.868009344266072,5,25,27,37,0.9489415203352402,6,13,16,18,0.1906567043029399,5,6,10,19,0.9239872938293268,5,19,27,32,0.9386024084432562,1,4,10,6,0.9533817244821288
209,209,209,209,209,6,12,16,20,0.7525944158195657,5,7,9,10,0.9324114683653084,2,5,11,16,0.0239518140836891,28,40,52,53,0.4681954588968247,4,19,28,39,0.350410494815732,5,6,10,13,0.7120326931276653,6,8,10,13,0.9378822298499496,5,16,19,21,0.0578286550346505,5,8,10,13,0.6747049311310162,5,6,7,10,0.9513189775408633,1,4,10,6,0.9539002221391507
210,210,210,210,210,2,6,19,35,0.8372109585186827,7,17,20,21,0.8598845567237918,8,12,34,52,0.7149814842521351,13,19,26,29,0.8324205251454097,17,19,20,21,0.8099458278586208,6,10,11,17,0.9592701107646244,4,6,8,13,0.9210360032345596,16,18,20,27,0.5575719189429924,3,6,10,13,0.711702239501705,10,18,19,21,0.5185968175600677,1,4,10,6,0.9523105588155734
211,211,211,211,211,2,7,11,20,0.8633725920435129,12,16,19,27,0.6784761457742076,4,13,14,16,0.6925678228298509,5,12,14,18,0.5261877404765186,6,8,10,13,0.9362720685998448,17,21,27,32,0.8962276921756127,3,5,17,18,0.0834406441677393,8,10,16,21,0.5669814116900628,5,8,17,21,0.5766271661302416,5,10,13,19,0.6559453088957443,1,4,10,6,0.9577796556279216
212,212,212,212,212,5,6,7,9,0.9326674460588628,6,8,11,21,0.8875512872345923,20,32,42,46,0.818611733829935,5,10,21,42,0.5440777743122929,6,17,20,21,0.8739767094533814,6,16,18,21,-0.0154762666773446,2,5,18,20,0.1511706495824729,5,10,14,19,0.943274232720515,5,6,23,25,0.9425658043389756,10,13,16,27,0.726838303294067,1,4,10,6,0.953506629287896
213,213,213,213,213,8,11,16,32,0.8550041708076287,1,18,20,25,0.8610390925289282,16,17,18,31,0.4284658609344053,5,19,20,21,0.622725558159054,3,5,6,8,0.6531459137467264,5,6,15,21,0.1887216484478435,4,5,6,11,0.8383783036189544,5,8,10,16,0.6594598387709159,17,19,21,22,0.81769074615388,5,10,18,19,0.6483657970489672,1,4,10,6,0.958733466941703
214,214,214,214,214,4,8,10,21,0.9076014418686088,3,5,7,9,0.6536917534636746,5,16,18,20,0.1036219936257378,3,5,13,17,-0.0154867949861938,5,8,20,27,0.9195013869020896,5,20,23,27,0.9504906252638444,7,10,13,14,0.957063510159441,5,10,16,27,0.7151464892395042,13,17,18,21,0.0938710556146519,5,6,10,13,0.7055974292843117,1,4,10,6,0.9587197982846946
215,215,215,215,215,16,20,28,31,0.4800993222766424,3,8,16,21,0.1414879317855828,10,23,33,40,0.572902797493722,6,18,32,35,0.8809448240073641,8,11,13,17,0.8488651421658422,2,5,8,10,0.6912594024636927,13,17,19,20,0.8322600094791959,5,6,10,13,0.7127873504191682,5,6,7,10,0.9517181322240276,6,7,10,13,0.9545620352125288,1,4,10,6,0.9540107146126058
216,216,216,216,216,2,3,7,9,0.6522900303195677,16,18,20,24,0.4853582626668949,3,5,10,13,0.197997716811956,10,13,17,18,0.6364293086862729,5,9,10,13,0.6030755057699091,10,17,21,32,0.8990687201791655,16,18,22,33,-0.244220673034728,5,10,16,18,0.1663790626936219,5,8,10,19,0.9117133361192784,5,10,17,18,0.6283795985648741,1,4,10,6,0.9588456616092575
217,217,217,217,217,9,15,16,18,-0.2492529061847961,7,8,14,16,0.8272961480985,8,9,17,31,0.8600230717124379,9,11,17,34,0.7856517991136541,5,7,10,16,0.7170797030429816,16,18,27,32,0.5741791007212438,5,6,19,20,0.912153294187352,6,10,17,19,0.9762965759003362,5,10,18,28,0.1829595540709183,5,6,19,20,0.912153294187352,1,4,10,6,0.9578627409071705
218,218,218,218,218,2,5,7,8,0.7102642541130761,1,2,3,10,0.6846853833285271,5,12,15,19,0.3357113701101084,5,18,22,31,0.6267371645271771,8,13,19,44,0.5520830998368549,5,8,10,13,0.6689271763860464,5,17,21,36,0.2823423709206598,5,9,10,20,0.8731009138645122,6,10,13,16,0.7004545608529542,5,6,8,10,0.93348681785355,1,4,10,6,0.9572011950724644
219,219,219,219,219,17,19,23,31,0.9595919319421798,10,17,31,51,0.9042929260651216,5,18,19,20,0.6086812780024133,5,8,10,12,0.8511185385548101,6,8,13,18,0.7052123011770338,10,16,19,23,0.8600070861884561,6,10,20,21,0.9209684272497116,13,18,25,42,0.444891154369373,6,16,21,31,0.5679803195145064,5,24,25,31,0.884423815637493,1,4,10,6,0.957610945293279
220,220,220,220,220,14,15,16,17,0.4206807895594806,23,24,27,28,0.8683176348036029,5,8,19,30,0.8361565119335779,22,27,47,52,0.803959374140378,2,5,24,26,0.5823737826199178,7,11,13,20,0.9258018067361592,7,8,10,21,0.9046197258567442,5,10,16,17,0.5907452690314426,6,7,10,13,0.9554277392741592,6,10,17,19,0.9760663919274372,1,4,10,6,0.9574552320415758
221,221,221,221,221,7,10,11,18,0.8464179000887049,5,7,11,16,0.6415564755884615,12,15,20,23,0.7605816290598972,1,7,10,34,0.8858345985604306,18,24,30,39,0.4024873403564137,5,8,10,13,0.6784843489042868,5,10,13,19,0.6673907414325144,23,31,43,44,0.8006643954913747,5,17,19,23,0.8821309047449357,5,6,19,20,0.9161244228683088,1,4,10,6,0.9521529640107538
222,222,222,222,222,2,16,22,32,0.474569868603641,10,18,22,38,0.4799626376920324,1,19,22,30,0.9783546789928426,7,19,20,33,0.8288647491304129,8,18,19,21,0.4903556812662055,7,10,19,31,0.9507812034488315,7,10,17,18,0.8789636816011195,1,5,10,17,0.8689087020620377,16,17,18,21,-0.1512817085992559,6,8,10,21,0.9216475305641738,1,4,10,6,0.952654265057284
223,223,223,223,223,1,8,12,15,0.7194201888234554,22,42,43,58,0.6930582854759992,13,18,20,22,0.6421762282196052,10,18,19,23,0.8765803097819861,7,8,13,20,0.9345791984540242,5,8,10,13,0.6767508803461942,20,22,26,66,0.7852931616014271,6,10,17,18,0.8935421941617168,7,8,10,13,0.9572237630044916,5,10,13,16,0.2491845146373617,1,4,10,6,0.9528516367750366
224,224,224,224,224,8,9,10,15,0.8514897906213434,3,6,9,17,0.8087016328566218,5,12,13,14,0.6285326556777384,7,8,10,26,0.9477315712201766,5,7,10,14,0.9540500150409452,10,13,16,18,0.1804944610339529,5,6,10,13,0.7066161951690101,5,8,10,13,0.667800115959077,5,8,16,22,0.5832772840866844,5,8,10,17,0.8624346507661096,1,4,10,6,0.957683283093952
225,225,225,225,225,4,5,13,24,0.5798953276518012,4,17,21,26,0.8720716401278266,6,20,32,34,0.9016228191471146,9,21,27,31,0.8755804176281367,16,23,26,27,0.8811068592648057,8,18,19,20,0.8435512915878549,5,8,16,22,0.5951377129557955,6,7,8,13,0.957726826342998,5,10,14,17,0.9369154390274388,6,13,16,19,0.6313432139302568,1,4,10,6,0.9515009742035299
226,226,226,226,226,4,7,8,11,0.9283805194245252,5,7,17,28,0.639050354728151,13,37,50,59,0.3909819494161952,5,6,7,10,0.9511974628515956,5,8,10,11,0.8936038366393516,16,17,20,21,0.4620663692355549,5,6,21,32,0.7495492369510953,5,8,33,47,0.073021648621251,13,16,17,20,0.5407297472714733,5,19,20,21,0.6365908757277222,1,4,10,6,0.9518568509924097
227,227,227,227,227,6,24,27,30,0.959633092071654,1,7,8,9,0.9340108833386852,10,22,24,26,0.8212909153162704,9,15,22,26,0.8175270699006971,16,17,18,30,0.3730959629502025,5,9,17,20,0.7474787080011107,7,8,9,10,0.9514083943782784,2,5,16,17,-0.0053672650910585,2,5,6,10,0.7237859241728797,18,21,24,33,-0.1138190827155161,1,4,10,6,0.9514120217245263
228,228,228,228,228,6,16,26,30,0.8677321059442353,9,13,28,32,0.6238478009442648,4,14,17,18,0.8619991921646243,4,12,43,45,0.6255142877463791,10,16,17,19,0.8154856921320547,6,9,18,19,0.842758528867777,21,26,41,47,-0.238615972574137,5,11,13,16,0.1036833191108296,5,8,10,13,0.6685346204708685,5,8,10,21,-433.9895114641408,1,4,10,6,0.9570773088059212
229,229,229,229,229,9,11,12,37,0.95506604667719,2,5,7,11,0.6631370241653953,5,27,30,41,0.5815535102984126,12,13,16,19,0.3521546257562693,4,6,7,13,0.9374530842515556,1,18,26,32,0.901991270871486,5,10,17,18,0.6328589554317107,5,8,10,18,0.7002155804784412,8,10,13,16,0.6714631315836956,6,13,18,21,0.2626299084138563,1,4,10,6,0.9570216073847679
230,230,230,230,230,7,11,20,27,0.9315435443904722,2,3,5,13,-0.4748750666991763,5,8,16,18,0.1089002340392824,4,14,17,19,0.9582181646816724,4,5,10,19,0.8962632366146464,7,8,10,21,0.9052091754157924,6,13,21,42,0.5459927921752642,6,10,13,18,0.7356308428372946,10,17,20,21,0.8723871471633846,5,7,18,21,0.277185365317374,1,4,10,6,0.9571630610107119
231,231,231,231,231,5,12,13,16,-0.0972316103638739,5,6,11,17,0.8653922951675822,10,13,20,23,0.9433858126035318,13,20,26,35,0.8918120794087878,6,10,11,44,0.8281135569386782,19,24,29,30,0.9494023864394812,5,8,10,17,0.8630805419211294,5,8,16,19,0.5733403631200508,5,6,10,18,0.7303047951328311,5,8,17,19,0.8239863039677816,1,4,10,6,0.9573265464361327
232,232,232,232,232,6,13,14,17,0.9398714754426056,5,18,19,22,0.5694510436553495,5,10,16,17,0.5937931225396702,6,7,10,19,0.9270401448771473,7,13,20,40,0.716768552995229,13,18,20,24,0.6448610335909293,14,16,18,19,0.4224383168662583,10,17,18,20,0.8656171284500366,6,13,17,21,0.6586664441441615,6,10,17,20,0.9662745794854178,1,4,10,6,0.956502393220495
233,233,233,233,233,5,13,20,22,0.5946245857063623,7,10,13,14,0.9560701216896488,6,8,17,26,0.9765329185723428,5,6,12,17,0.8054058053256765,5,6,17,18,0.6351851071014201,3,5,6,17,0.5779652334764588,10,20,27,31,0.9599382640265092,5,6,17,18,0.6351851071014201,5,6,7,13,0.768770005025184,5,13,14,17,0.6911120669506554,1,4,10,6,0.9561983484185794
234,234,234,234,234,4,14,25,29,0.9420680057723768,5,13,17,28,0.0849916618496879,8,16,17,21,0.4673946575848591,13,34,36,40,-0.3623154941498174,2,5,8,24,0.6328751983406385,7,18,19,21,0.5034170809879441,22,27,31,32,0.9411529198344576,8,10,16,18,0.5620761068136663,6,10,13,24,0.8909737625722145,10,13,16,18,0.2018523572411348,1,4,10,6,0.9501950162169935
235,235,235,235,235,2,13,17,18,0.05888588909367,23,31,40,42,0.6818123603145831,30,34,40,56,0.3459057189982796,2,28,33,37,-0.1147495918696774,4,5,6,7,0.9337548866009028,5,8,10,27,0.9485592264308188,5,8,13,20,0.6092586263738586,5,8,11,17,0.8419980083098801,6,8,10,17,0.965600854658284,8,10,20,21,0.9071755573252724,1,4,10,6,0.9547078801178888
236,236,236,236,236,10,11,19,31,0.9630103964260438,17,32,34,39,0.4169245280561582,20,21,27,32,0.9176611773640364,4,11,13,16,0.55846385699896,34,38,40,53,-0.2368896808445075,3,5,10,32,0.7010819276414358,5,8,10,16,0.6698250988154844,5,6,10,16,0.6989292809558316,5,10,13,19,0.6658525934258885,6,10,22,28,0.8422424438745297,1,4,10,6,0.9534614017524765
237,237,237,237,237,6,19,24,25,0.9616105122362172,16,19,27,43,0.8103179227859427,1,2,3,14,0.727858760724077,13,18,19,41,-0.0084727204914634,6,14,17,21,0.8715193067260902,9,13,19,20,0.8509698330426255,11,17,19,21,0.8248509778183463,5,7,13,19,0.7305120436018885,5,10,24,39,0.6012869418939586,5,6,10,16,0.7055214337025034,1,4,10,6,0.9469960637673375
238,238,238,238,238,18,20,30,33,0.4533498519440857,5,12,16,33,-0.2899154699498742,8,10,19,21,0.8766316603273907,2,6,13,19,0.6531375359804126,8,14,18,31,0.8687384986714226,5,10,43,52,0.9346176874881847,2,5,17,18,0.0522314906758103,6,13,18,27,0.7627636016495011,7,10,17,18,0.8799351183573323,5,6,10,13,0.71440645820167,1,4,10,6,0.9528778191860607
239,239,239,239,239,19,22,29,36,0.7882835636593631,6,7,8,11,0.9275511824084588,8,9,16,22,0.838153304199482,3,5,6,11,0.6215564107014381,5,13,16,17,0.0807300747849605,6,13,20,38,0.6770933812227646,7,10,12,21,0.7763761002272157,10,13,26,31,0.9238418606765468,3,5,6,10,0.7122021986077526,5,10,13,21,0.353438018956782,1,4,10,6,0.9463233511041271
