,a-a0,a-a1,a-r,b-a0,b-a1,b-r,c-a0,c-a1,c-r,d-a0,d-a1,d-r,e-a0,e-a1,e-r,f-a0,f-a1,f-r,g-a0,g-a1,g-r
0,11,10,0.6935181017642089,1,7,0.527365273132288,6,11,0.7068293840005008,2,5,0.7844474623278074,2,6,0.3816457791036695,13,10,0.7822906122408695,2,10,0.3618537409697691
1,5,13,0.8954752353037256,6,11,0.6705874426054179,3,12,0.6762705967351875,2,8,0.7896509146596716,5,6,0.7060793873158264,7,3,0.7222241292808895,6,7,0.800404693577838
2,2,3,0.4936674096746432,8,11,0.9177621282869493,6,9,0.6944951713473867,2,4,0.699540432941528,9,10,0.8249922552157247,1,13,0.7438350691212237,1,2,0.44141651719725816
3,12,7,0.7163988078717476,9,10,0.8464238566311231,1,6,0.21061782394669837,1,6,0.5331421215837308,1,6,0.3653924250615904,12,11,0.9283232011099906,4,7,0.8101714058246169
4,6,12,0.7888019213113551,7,11,0.8587049872786856,12,3,0.8815497544463383,11,13,0.7308488276420744,2,4,0.7591637908349933,1,10,0.17098788082884253,2,3,0.5410073211849961
5,6,8,0.7359289534912615,11,13,0.8215705476298345,4,11,0.816528144297721,8,11,0.9539948723900508,9,12,0.9290724478486586,3,9,0.9231873991135844,6,9,0.6457109456835954
6,1,5,0.7320749123514774,3,6,0.7085578544714768,10,12,0.681162624799839,4,6,0.8580580465164396,2,8,0.80442294046704,1,6,0.4823623091929964,1,12,0.5926840625725627
7,1,3,0.6316792877841415,7,12,0.8561446321467713,2,10,0.6278700439996671,8,4,0.871623627186279,2,11,0.8869478488293007,2,3,0.5524209050941857,1,7,0.8076950442767658
8,8,13,0.8459461155453657,12,6,0.7245722098203498,3,7,0.7860538492923044,12,3,0.9255843862363258,5,7,0.8682835673351788,2,8,0.7174622807079033,2,4,0.6915188709964577
9,2,9,0.7992029435464041,3,9,0.756459898673912,6,13,0.6940058618923872,3,9,0.7719384054875376,12,13,0.7200181012078001,8,6,0.8728635046806354,7,9,0.8574102624480946
10,1,2,0.5821505577067798,11,13,0.7228418944907951,10,1,0.5731093968214747,11,13,0.8147575818488928,6,7,0.7976905293960826,2,3,0.4843044233240018,13,1,0.1689853414631174
11,3,13,0.6149466022172632,5,7,0.9181872084838067,10,2,0.37895923762528816,1,3,0.7493627876659349,6,3,0.6478302783592506,6,10,0.31457202853286137,1,3,0.5257246236514177
12,8,13,0.8867888711386975,5,8,0.8527080220266562,3,10,0.6384534639293906,6,7,0.5608590769712428,10,12,0.6775348831742637,1,2,0.4185635993422909,1,6,0.5752835751432063
13,10,4,0.6281426812639863,2,9,0.7302678486462508,5,7,0.9018565099016054,13,3,0.6236002160490621,4,9,0.8257819218677505,8,13,0.6991424715212144,1,6,0.5605321495914154
14,9,6,0.5892043252650497,1,3,0.5713239134043016,3,10,0.6160796251459647,1,2,0.18275940260419588,13,6,0.5794129061558503,5,1,0.7683264447554063,6,11,0.7709441525849363
15,1,2,0.16617433465255704,5,8,0.8620512393152729,2,9,0.6998509719430166,1,13,0.5817400055905236,3,6,0.5914791610174535,11,3,0.7201513362959154,3,7,0.7815137417785261
16,3,7,0.8221129074042152,4,7,0.8544988757236294,10,12,0.6974303283833003,6,9,0.722974388946986,1,9,0.5898124067949257,6,2,0.6031437111990421,5,7,0.8236840100109547
17,7,12,0.7817775438777754,9,1,0.6585683339194652,1,4,0.7352547780060783,9,13,0.7124332572183394,1,2,0.32945238860462167,7,2,0.7683834245255647,1,8,0.750423759747851
18,8,10,0.7694193262782315,1,3,0.40329409336386424,4,8,0.8104735522963592,6,4,0.7881353897965476,1,3,0.41954925554750166,10,2,0.2025073602928642,1,2,0.3156425077139272
19,9,10,0.7174043695716654,5,2,0.8702899751747866,2,13,0.4188262369183069,6,10,0.47665762834049796,6,13,0.4668043091524391,2,3,0.616518491586592,1,6,0.40851440918125337
20,4,13,0.8601728931434605,10,6,0.1358666883568408,1,3,0.47371320810848894,6,3,0.5628091222364741,3,8,0.8025599727600132,1,7,0.6056021745465596,2,3,0.6513398352571398
21,6,9,0.6354374487892288,5,3,0.7140776284740413,6,9,0.5988489715442752,2,7,0.6762916845393951,7,12,0.7057646330963462,1,13,0.5253286815477463,2,10,0.4038894053415122
22,8,13,0.6492149105732241,1,3,0.5591541188717795,8,13,0.7563985974623515,3,4,0.732065401123885,4,12,0.8037194056446056,6,13,0.5649330215976733,1,6,0.20167447378613756
23,12,13,0.7548297019816197,3,8,0.7683776219289751,8,1,0.7686690190144678,1,9,0.7981517155899014,6,10,0.6394003876196381,6,9,0.5804911696169863,1,2,0.5993391191786608
24,6,7,0.7388080534196881,10,6,0.518861910526073,4,10,0.6226042337950182,2,7,0.5553725825643762,9,8,0.9429951249419644,1,6,0.5188951792463948,6,13,0.7373514892377095
25,1,2,0.4883100166968941,3,13,0.38599968628149095,4,12,0.9513814856377866,3,13,0.4143712845104184,6,7,0.6136988775120252,12,6,0.5988604751683331,1,9,0.35280445496998536
26,7,10,0.7813479364739633,6,13,0.7059753361211798,3,9,0.7300307125887076,6,8,0.6920677415222731,3,6,0.38096948597291,12,5,0.9605317961055733,9,13,0.8270232666112894
27,3,8,0.8283873291409364,2,5,0.6396145576996709,1,11,0.7183029635484306,1,5,0.6848645672617237,2,7,0.7533793895578202,4,6,0.8892613887688007,7,10,0.5948680093205805
28,3,4,0.6779271622147218,1,7,0.5573325243518283,12,9,0.9514873204887039,9,6,0.6804405121392507,6,12,0.6051332439512696,2,6,0.63091904691392,13,6,0.6700933844651681
29,7,4,0.6761970949799876,2,10,0.6359124893743404,1,9,0.5752049237396515,2,6,0.515152735499026,6,10,0.6085609559331013,3,12,0.8538911811067854,2,11,0.6460663544340765
30,13,3,0.5034708104939606,6,7,0.6334771109819111,6,9,0.7321971809736461,1,8,0.780335589935882,6,10,0.53254234929988,4,11,0.900845860082423,3,8,0.7794274635206557
31,2,5,0.2993262431462259,6,10,0.43553778240422425,10,2,0.14093712075477627,9,11,0.7819487370121575,1,6,-0.2986285140885092,9,3,0.38062151937336486,5,13,0.5458129714090583
32,1,6,-0.20109868748917248,2,8,0.35719184637003376,1,2,0.21216715071306746,2,6,0.28811748020946815,3,5,0.734099593241603,1,3,0.4314833704403096,6,4,0.41918214380915997
33,11,12,0.7839879544274845,7,13,0.22309917210698305,5,11,0.48457279335397885,8,11,0.8231803354939168,4,5,0.5103401276428647,5,8,0.7055187312126379,1,3,0.19191870944966083
34,1,2,-0.16389925504250402,6,3,0.1965716554994058,1,4,0.7087120925293188,6,7,0.4272369998430974,7,9,0.4101962862361198,6,11,0.331781905027011,1,6,-0.18779655024844866
35,2,3,-0.4013332741799702,8,9,0.7672466856966403,6,3,-0.1516787728392439,4,7,0.8301746442706994,1,11,0.5022884625761899,6,13,0.08930857990513197,1,13,0.41535041917302995
36,1,10,0.1335130272870486,1,6,-0.11705122600154705,11,13,0.20454297746377081,1,11,0.3541780958459957,10,11,0.3325623542712912,1,3,0.1742152478685708,7,12,0.29569827301742424
37,3,1,-0.16913922049338548,6,12,0.542218601089755,10,13,0.18289898048102726,3,11,0.469582073771189,1,3,0.25608181566642585,3,4,0.4387110429651232,7,12,0.6519532797941817
38,7,9,0.27621910682522577,6,12,0.5770199847038531,2,4,0.3469099242676089,1,6,0.17549858008746277,4,12,0.64621511528884,4,10,0.48534680453516477,2,9,0.31998686455979
39,1,4,0.5752183607359628,1,3,0.32633002483981444,12,6,0.6030771654311136,4,1,0.5767134858021453,5,11,0.8020526461039307,6,7,0.20135569105616358,3,9,0.5812653661474282
40,3,8,0.6849891404523121,6,7,0.5371992931398326,3,1,0.31384202138613515,13,6,0.3605870516842927,5,6,0.7455444885703775,2,13,0.34268785157477755,2,3,0.5144471013200029
41,6,13,0.5436243821627305,6,13,0.5426642492286208,7,5,0.8791056624896809,10,11,0.624389382541414,1,4,0.7390885305207516,12,11,0.8889406055232114,3,2,0.42863064001182205
42,9,11,0.9114037920817368,7,9,0.5673713202842638,6,8,0.4753774037374854,13,1,0.6423107927559709,6,7,0.49421167237939434,7,10,0.6908685832218533,2,6,0.3255938819254346
43,11,13,0.7482004714098509,5,6,0.6943582937571591,5,6,0.8208127293927205,2,6,0.33545183191646055,10,2,0.06340650203160991,9,3,0.8349930145270574,1,6,0.5098788929724072
44,4,12,0.9200822246567799,2,6,0.42437416173573783,6,8,0.7433746669397092,6,8,0.6227713305695468,2,3,0.5592323403329555,5,9,0.6295836649929637,7,13,0.6500996419314974
45,1,2,0.1581528985550691,1,11,0.7500554743826207,2,12,0.6657763765066818,13,1,0.5540484867913121,13,6,0.3277812970686924,3,6,0.41417342993757666,9,6,0.7074161801846666
46,9,11,0.8304597111342362,8,12,0.9523801004566078,4,1,0.6909849540458837,3,6,0.5404396581560418,6,1,0.3202826854582772,6,13,0.5098292607537056,1,12,0.6655801340597214
47,3,5,0.6741006104651193,10,12,0.6228257640040923,3,11,0.6023760660072868,1,7,0.7289816178994952,10,3,0.8320518933124369,5,6,0.7803386228092601,3,5,0.8502520942313762
48,5,6,0.7932953990952665,2,6,0.4096964482233427,1,7,0.5521711884773122,6,3,0.8456750355649877,2,13,0.5322848885985008,9,6,0.611131981877786,1,2,0.4989933644394695
49,6,8,0.8625088453388099,1,7,0.6092550305411535,7,2,0.6868773044253897,1,12,0.48162489690856125,6,10,0.43417990990365785,2,7,0.7744599758560037,9,5,0.6986047368199548
50,6,2,0.4294033937305801,1,11,0.6432270826365726,7,8,0.837311006316786,2,3,0.35240171518280117,12,7,0.8657244744587338,3,4,0.6981488403375781,1,2,0.6736963989431952
51,4,5,0.8539660712874811,4,12,0.7213874247997631,4,12,0.9326801713706726,1,9,0.5598807587647785,6,1,0.614036479121294,1,2,0.5136477152969717,6,10,0.3831143916521206
52,4,7,0.931335930605911,3,13,0.5293509614468326,1,2,0.060156010348996314,1,2,0.5771127850437519,3,4,0.8396996126600301,1,7,0.4968044354062048,3,1,0.4321801377727984
53,2,13,0.5928033922288383,8,11,0.9015806869077634,11,6,0.6765783824830679,8,1,0.852111198569926,10,11,0.5427777798689609,2,8,0.5113452379077124,1,6,0.25645977024782995
54,3,12,0.6135204368122122,9,12,0.7597071106969302,2,8,0.619138045034064,8,12,0.9361605685161551,2,4,0.7093067106338198,6,10,0.18727695121658372,6,13,0.547624202101777
55,3,5,0.8541427703405405,5,13,0.5192146535647809,9,11,0.7738711723385041,2,10,0.5103372919689289,1,11,0.7598588593306325,1,5,0.7819060178240754,1,2,0.30495583546045013
56,1,8,0.876433278729358,5,7,0.8646752138596114,8,13,0.7911219403599591,4,13,0.615562225804056,5,13,0.5945340137597509,7,11,0.71578752351079,10,8,0.7137237923994452
57,9,8,0.8162547718154056,3,5,0.7759253719234439,5,7,0.7816131780187145,9,10,0.6195822571680387,1,9,0.4138635479952062,1,6,-0.05345945385051909,6,7,0.6337069081298877
58,1,3,0.5197176948207016,3,10,0.40525311776738293,8,4,0.8648681745837102,5,13,0.7685327256527825,1,5,0.6728237638842016,1,3,0.4178136695888185,13,2,0.346958422736217
59,5,13,0.788883024999044,7,5,0.7627249174901032,6,11,0.6951044802818045,1,7,0.5429355540525957,12,13,0.61368253208437,6,13,0.5011672837878669,4,7,0.8864017426821895
60,2,7,0.7966326176081642,8,9,0.8907746717612385,1,9,0.3441982068493069,3,5,0.6559800303428238,10,6,0.7265644005761983,1,2,-0.07759477477798105,1,4,0.26341687137017455
61,8,10,0.5868644072810838,5,6,0.5840520925096793,3,13,0.5198696499900176,3,5,0.7270594718751933,13,8,0.8219016070496927,2,3,0.5620259674249376,13,7,0.699517537424138
62,6,1,-0.15959138340699064,2,7,0.45337503422155545,1,2,0.25240015711481345,2,6,0.2829069610631221,3,10,0.5882052943715042,3,7,0.29467907560584705,7,11,0.834958176122093
63,4,9,0.8710801478512855,5,13,0.6107784530560985,6,11,0.6465382868041072,1,9,0.5352905860645125,2,6,0.20770554734466107,12,13,0.7588669856746548,3,4,0.6456408499190432
64,1,8,0.3874727971038747,2,3,0.4249583887170427,12,7,0.9143760861012761,9,2,0.7843189376113016,10,12,0.15021685692237785,1,6,0.15482419688281235,5,7,0.5694063283798997
65,1,3,0.2792499513261508,9,13,0.38032620698049313,7,2,0.38668944270358785,2,11,0.5689499512489904,3,6,0.43207665941725715,13,11,0.7419483879717808,10,8,0.6067924878853135
66,1,5,0.36028355130547607,1,8,0.4369301205752034,6,8,0.7396796291785314,1,12,0.6327379030708191,6,10,0.5913684852931184,1,2,0.37042862886485817,2,5,0.6251180428002264
67,7,9,0.5902518103720644,9,10,0.5788762609914698,1,6,0.06049104369121938,3,8,0.6907501063264532,5,13,0.8004751758680354,1,12,0.5380907472712134,9,1,0.6216996412985298
68,2,5,0.7158958262704108,5,13,0.7626183852514528,6,12,0.45682381055500554,2,7,0.5919247721528111,8,9,0.7001044731967052,6,12,0.6108321174398963,6,9,0.5628817846331441
69,5,9,0.6798858784586217,3,8,0.8255378233313051,3,5,0.6280657201314316,6,10,0.16989004650012818,7,10,0.7459217677398733,11,1,0.6283815481132996,6,4,0.6981398485746231
70,1,4,0.7525290615848004,10,5,0.32238579259328937,3,7,0.6058716470814087,2,3,0.6388026653283386,3,6,0.2975634999289729,2,6,0.10403373509295832,3,4,0.7724935990224302
71,7,1,0.6031420100085728,6,8,0.6266897177388577,9,12,0.8717890881487221,6,7,0.6083876254024649,4,1,0.6974883693105611,11,12,0.889994680493392,1,2,0.20826778316621963
72,9,10,0.7067571036015707,1,11,0.5261389540425825,9,1,0.7914143260417377,7,5,0.9335967720858802,2,6,0.4560578129862851,6,10,0.7511441744931071,13,9,0.6788628170912172
73,1,4,0.7616701416252595,7,12,0.7046468319832342,2,4,0.6526751577940508,1,2,0.12868073539784786,9,5,0.7445310702390887,2,3,0.5393360885520702,2,8,0.8331245444346299
74,3,10,0.680149728086925,3,9,0.8490100722485616,10,5,0.7467267971917741,2,3,0.5348780321301134,10,13,0.4659755375641246,1,12,0.7837629436347913,6,2,0.362067271705909
75,4,9,0.9053833271558396,10,4,0.6815978662396802,12,10,0.6987218936018853,1,3,0.49321806090551745,1,11,0.8435483015573991,5,6,0.8478963882175002,5,1,0.7795434505183716
76,2,6,0.3167519103090747,2,7,0.5965020831297886,1,4,0.5894349469258366,4,5,0.8617084256646772,11,12,0.9372930626541368,1,6,0.3924264751155476,1,6,0.2364473840186717
77,1,3,0.30173929128595744,3,4,0.7870667422865321,4,5,0.8899965045385411,7,13,0.7695747191929421,1,4,0.6194531847252742,5,13,0.8273389596358501,6,3,0.40566019912259166
78,2,10,0.0739082547597385,6,7,0.2839733744132119,8,5,0.8398517870180284,12,9,0.8094317037823542,6,13,0.3831629398960026,1,9,0.636289394838731,7,6,0.6349373392862107
79,8,11,0.6423976513445403,2,8,0.7147567084585988,2,9,0.5098839855756616,6,12,0.690329971015545,10,5,0.6062943432481394,2,13,0.23756359829732476,1,8,0.7091526770251018
80,3,2,0.330482331855279,10,2,0.6696175625253213,2,3,0.4714753712369236,10,9,0.5047200923712811,9,11,0.8358953840037564,6,7,0.5736919107321788,1,3,0.3564419070423479
81,7,8,0.659054709420759,4,7,0.7539736815539113,10,7,0.5651819872665644,12,4,0.8528166073530891,4,5,0.9312179254850984,6,12,0.47454531430819347,3,13,0.39902544878348045
82,3,9,0.7269715020563128,8,9,0.9164073857450926,4,5,0.750085839479772,5,10,0.7537831738978298,3,9,0.4482703227346222,2,8,0.5434854630928028,1,2,0.3944802698115286
83,1,2,0.3984677512164596,8,11,0.7990340945128692,12,7,0.7187889936732599,2,9,0.3050765773751787,9,8,0.9112570054697885,13,7,0.42453573172067804,1,7,0.327877113567298
84,2,11,0.7488890728490085,6,7,0.5974570853439773,9,12,0.7815704274279207,5,6,0.8243866613936909,6,3,0.3991270341101516,10,13,0.4083024771007072,6,9,0.2981166050408909
85,4,11,0.8527809782550526,7,5,0.8631753905188221,1,8,0.3611533568796714,7,12,0.6577469906596072,3,9,0.6557384689132021,1,2,0.11181530497425363,1,3,0.06702970889428361
86,5,7,0.6423566768019501,1,9,0.4636435548199953,6,7,0.18262435447418168,7,8,0.7844259690202671,1,6,0.2058894904607279,3,4,0.751545408105971,1,12,0.5996110356637765
87,1,4,0.5815726545363932,11,13,0.7712081840889848,3,11,0.8170909936835589,1,6,0.11264583377362358,7,8,0.5801361909121657,10,9,0.4554152696182292,11,13,0.6546861843603028
88,12,5,0.7791591158091146,8,9,0.6578920585943451,3,4,0.7508773602578025,6,4,0.5090562408199732,1,2,0.3075255148045143,6,8,0.506360489522008,9,4,0.8438108620414936
89,2,3,0.12027349971482715,4,10,0.7106450064845864,1,2,0.3584851571090072,2,5,0.7656450796046372,2,6,0.3892893544037116,11,6,0.740374288848028,2,11,0.7976339616506165
90,3,7,0.522412714474433,5,8,0.8281528875370265,9,11,0.9265014939077318,10,9,0.5219288854077517,1,6,0.23858031760230758,12,2,0.30809257363312015,6,7,0.4805963248455254
91,6,13,0.42457630113182476,5,8,0.9003541538358767,8,9,0.6711769521666957,5,10,0.8395030095747743,1,4,0.5466623201801615,6,7,0.5192572579088318,2,12,0.7213903269249768
92,2,3,0.39507933370415227,13,7,0.76552022717599,9,7,0.5978587823711826,6,1,0.494319226205157,9,12,0.7819563876565438,1,4,0.5394790901694716,3,11,0.6363645754539065
93,13,10,0.496134703585011,6,7,0.5853688799681133,1,9,0.4011032487109345,1,5,0.5067639881874794,4,8,0.7638000438732874,1,6,0.43943102594623673,3,12,0.7083883477220853
94,3,9,0.7102656711880395,10,12,0.7178798716313507,3,5,0.5757856552733095,4,7,0.8013594485031749,1,2,0.4325719807747491,1,3,0.39928024907613335,5,6,0.6131192065887296
95,10,6,0.576519451015939,8,3,0.8810372782977927,4,8,0.8385945466616284,6,12,0.6324865505911006,3,10,0.7692982695799693,6,11,0.7031456987014815,10,13,0.6208078844061578
96,5,9,0.9103898293507486,6,8,0.8225114604581937,1,8,0.677090205559508,5,8,0.9493944604121681,3,2,0.3927073275841666,5,10,0.8254244684704386,10,4,0.839956785113947
97,1,13,0.5896267616632251,10,9,0.8475872233502552,1,5,0.632348206737795,2,3,0.47094845736886937,1,7,0.6586605330826028,1,3,0.526224538599788,2,6,0.4687902566646578
98,2,3,0.5155874610438029,1,8,0.683443638795987,2,6,0.6808404334949445,3,4,0.8567030572485644,6,8,0.8868282190690138,1,2,0.16509327567598298,13,2,0.2622754935338174
99,1,11,0.7768964997011505,3,6,0.5899340793923353,9,10,0.6793000116829175,1,9,0.5698569830849745,6,3,0.6641801592575185,2,3,0.5505827390422755,9,10,0.795151612936307
100,3,11,0.8520512598656175,2,3,0.6836179198425193,2,12,0.7396829127983865,2,10,0.3998278573552192,3,6,0.6158197628299602,1,10,0.5236182659408901,2,10,0.4402943554247094
101,7,8,0.8672044736093962,1,3,0.7096661456692259,2,13,0.20203118585248503,3,6,0.48648069968477625,6,10,0.7055285092919978,1,6,0.44381585344639807,9,3,0.7762896713066665
102,2,7,0.5100545058031655,10,11,0.6710199697115438,1,7,0.2719515085691122,1,13,0.20612274830460886,3,11,0.7296394299149509,7,13,0.5215140550492239,1,7,0.25241930120952416
103,9,11,0.8042767236371263,2,3,0.5781539640982762,2,3,0.25377374456667323,5,2,0.5081654628426615,10,6,0.20249917023906527,13,10,0.2616906167168338,13,2,0.3927112020135892
104,1,7,0.4366860237801087,6,9,0.43000375648151457,10,7,0.6523082825219659,2,3,0.21990106362136008,12,8,0.7420293182669975,7,5,0.870487132701616,9,1,0.03691389352128516
105,1,9,0.39655772684425616,10,12,0.503762606277395,5,11,0.6380973237166798,3,6,0.3375238124853559,1,12,0.16950914493202196,2,3,-0.20948962352762956,1,2,-0.43886787086340107
106,3,4,0.5484897625169709,12,10,0.47648825619440216,3,9,0.4683955392219654,2,8,0.4765168809698834,12,9,0.2716224059644332,3,4,0.15009992153879925,8,12,0.7203989209105417
107,4,10,0.8424747292485307,13,11,0.6526655816714617,3,6,0.12036757949948407,1,3,0.2538056133180411,6,13,0.18303185686247003,3,1,0.5809307750754091,5,6,0.5524796433037518
108,2,7,-0.34360275069578394,7,10,0.07223051849671247,1,9,0.32140426304266423,3,12,-0.001442581372183671,4,5,0.7711379899956,5,7,0.5382703266176594,1,7,-0.04477643763754524
109,3,10,0.2054295268083809,7,10,0.04066092649304798,2,11,0.03908516751675439,6,7,-0.25104846968213246,2,5,0.02405863076465886,3,6,-0.008768420876946292,2,6,-0.014845989560792638
110,6,13,0.045057180787875684,8,2,0.1514290957053983,1,4,-0.23452765857330826,10,13,0.035108323828947796,13,10,0.22227284870628017,2,13,-0.09019245140361387,4,8,0.008075076533922365
111,1,6,0.23919107112528826,4,7,0.8419469399210691,10,4,0.39201913747741457,2,13,0.46104930981441894,2,12,0.5211090060241964,1,6,0.16451033267147075,6,12,0.4090498395012109
112,12,2,0.5081759045593925,4,13,0.7933154434629683,13,10,0.7042961207326721,3,10,0.707312496450911,6,10,0.2731240820614884,3,4,0.558745474581403,4,8,0.8799823165303905
113,4,11,0.9369491779568142,2,4,0.8040437627026935,6,11,0.7898959727477961,2,12,0.5068446926986507,1,13,0.3595606096359186,5,6,0.5601792158589747,6,7,0.4618128629009577
114,1,10,0.31798263842776087,5,7,0.8853485511141345,4,10,0.3554125694394462,10,12,0.5853166971601265,3,5,0.8581478813976395,2,7,0.8182195149191474,2,4,0.4830699306480757
115,10,12,0.5815655549301992,1,13,0.45057396123833227,6,12,0.5394401669589179,2,8,0.503105809632326,6,2,0.057755577276164205,3,8,0.7548769274197088,3,7,0.46238164658851977
116,3,6,0.28676627978998315,4,10,0.7233244273397746,1,4,0.45379010274242926,8,2,0.7803853078791776,3,10,0.48741162703287033,2,9,0.576850558475705,1,6,0.5035709822125688
117,8,11,0.7879513117028092,3,4,0.7546787236072303,1,8,0.7162825211906377,1,3,0.3848034383138146,9,12,0.7486718410725732,6,5,0.4994919702680315,1,13,0.509264930770293
118,2,4,0.630732742318412,9,12,0.8034912503243876,13,3,0.4649565551319993,12,2,0.5961242380267382,2,7,0.6493493805711872,4,7,0.87259908093032,4,1,0.7566902322984518
119,4,5,0.9274365562134615,12,11,0.7698055850939696,4,2,0.6368669166687944,4,12,0.7376829325672553,1,9,0.6835814563355435,1,7,0.8045794495080418,8,1,0.7157754490473496
120,9,13,0.8594219055509073,1,2,0.5169622996039579,3,5,0.6980938523199689,5,2,0.5904916027426185,10,6,0.6834104661938253,6,11,0.6333695620696572,3,6,0.6692398211896886
121,1,8,0.8015587982828605,3,9,0.6902775305657913,3,4,0.7755821671858207,4,10,0.6710972242346384,1,6,0.4981623716710002,12,9,0.9007250462551508,1,7,0.41128136518645175
122,3,1,0.35339369906042095,5,6,0.7616378809143994,1,7,0.8316881837077441,1,9,0.6279787900286253,4,5,0.8775652007653119,2,3,0.506504198829419,6,9,0.7140080461018099
123,6,3,0.4373965251929849,11,12,0.936464653903595,1,6,0.2829510352231075,2,5,0.7706091322644673,13,7,0.6963676087671448,1,9,0.5338475929574273,2,5,0.6216549469968027
124,3,2,0.44456102577595613,2,6,0.6036178024509388,3,9,0.8457643970781652,1,7,0.7064124415550863,2,9,0.763760025740631,6,12,0.720766354190974,9,12,0.9399910703258336
125,12,13,0.8431245073039311,11,12,0.9027168040544652,5,4,0.7195095746395864,4,8,0.881237310517882,1,3,0.706872274096504,3,8,0.8779236860740814,2,6,0.3044513725699489
126,12,13,0.8241898252390533,1,13,0.6702956308053007,4,6,0.715991807232625,1,12,0.6279062683217463,2,6,0.505915125044782,6,9,0.5509100040397967,7,2,0.5192240151950069
127,3,5,0.767292887774987,1,4,0.6492557371041372,6,13,0.39082463712922055,4,6,0.6918991395756524,10,12,0.6886883721786552,3,4,0.7733921674021859,6,13,0.5138752832788032
128,8,11,0.7592884594893736,6,10,0.6196330450245258,2,6,0.5835645162702856,13,7,0.7133890902191729,4,7,0.8032871839607962,1,3,0.580866942983963,10,12,0.7671866336399613
129,6,9,0.5090230670511924,5,9,0.9276914346474165,10,6,0.5269791993205688,1,4,0.5182583514771636,6,5,0.7839643955387341,2,12,0.6091128209170051,10,6,0.37313576976858676
130,9,12,0.8355830073979713,9,10,0.5034256318591124,3,6,0.43805409416326135,1,6,-0.07586533864027212,5,8,0.9283359487687525,10,13,0.29660776320911086,1,6,0.2989826312366818
131,4,7,0.7685296680408146,4,12,0.6708606195046121,1,11,0.6611826193517739,1,4,0.5625768470352739,6,13,0.689445454822434,1,3,0.11464462077244064,13,12,0.45576001475201977
132,8,12,0.8550805418732075,2,6,0.4553543874511523,6,9,0.6112996322757671,10,4,0.81714478584039,4,6,0.5764267156804905,6,7,0.45720464280417183,6,10,0.3702149601799545
133,11,1,0.6303619426763832,5,10,0.8221082438475118,9,12,0.7270326829862463,11,13,0.7994117130223862,13,7,0.7027845663141062,12,13,0.6621809580004641,1,7,0.44484930388802324
134,13,9,0.7314033252145311,1,5,0.5977893157924851,5,6,0.6887264699871627,10,13,0.38496238443665054,6,3,0.44885396382284826,6,7,0.37866209910457616,13,12,0.40183400153777904
135,6,10,0.4670004936137395,1,6,-0.003953604151887946,8,3,0.8101235240671231,1,5,0.6135231110084252,10,12,0.7381985176317927,2,7,0.4773204369798937,6,11,0.4833344827296203
136,3,9,0.7994903334788459,3,6,0.4449810950977249,4,6,0.520104632027023,5,12,0.8744123245080498,5,8,0.9087894494543372,3,7,0.6575287983513103,1,5,0.5539875748729262
137,3,4,0.7385306999961887,6,10,0.28181251136130137,1,2,0.4734397880995007,1,3,0.46461678630637004,1,8,0.6080783735542761,6,9,0.7906128520211413,6,12,0.39952637359380216
138,3,5,0.7664439911910009,5,7,0.7629114099660335,6,2,-0.09480542221341604,8,3,0.8717881512378154,4,7,0.9305885669072309,1,13,0.369389039739767,13,2,0.2881296475910322
139,6,11,0.7389041204742843,7,1,0.810623262276467,13,10,0.5150212296977591,7,8,0.7120356346563902,4,6,0.8319059824249941,1,3,0.3911142647136794,1,7,0.39027905966931553
140,9,5,0.7832469785130803,8,13,0.7393962861343941,7,10,0.6245098713909347,7,9,0.8086855242936484,1,2,0.5700317289042501,4,7,0.7995994026674307,10,11,0.8313974570449922
141,9,13,0.7337126433538388,7,2,0.7097662047235264,4,6,0.7144558931965634,3,6,0.451223939665226,3,10,0.8283144097581188,7,8,0.9120497046693655,1,7,0.6968624818851231
142,5,7,0.9453517739354736,3,1,0.3459980294087768,6,10,0.17356559233547864,10,1,0.44509798322394256,6,2,0.5819481878597925,7,1,0.704614165958818,1,13,0.5186497957308842
143,2,10,0.44152141370814024,10,3,0.6584496834346413,4,6,0.7465452600386765,2,10,0.19670106442444713,1,7,0.5437759573995176,10,13,0.6277295796109001,2,4,0.8524365189628557
144,7,13,0.7210641544352003,3,11,0.5803853829555354,1,6,0.27511253012139303,5,6,0.8874269409946444,2,3,0.49047639623601236,7,12,0.8339695321736375,2,10,0.63243666900863
145,1,3,0.5651861149011899,1,2,0.3446698579818914,13,1,0.5841671265672997,9,11,0.9044020390651715,1,13,0.6058999512981389,4,5,0.7668304549582139,3,6,0.4538798834625425
146,1,4,0.5124944328293768,1,2,0.41337194256404297,3,4,0.8971492391294889,1,4,0.5950837450254727,5,6,0.7511401340324863,1,3,0.527099419764522,12,2,0.7078908431562012
147,6,10,0.13706249489218125,5,13,0.6989181679642795,1,5,0.6904324011247784,4,6,0.8297516105305301,6,8,0.8639764605790364,6,8,0.6710899084855149,12,9,0.8307484497017985
148,3,5,0.8561376699214972,9,1,0.6490239420299256,5,13,0.8696576901167514,5,12,0.8290863022743141,2,12,0.8487835929642227,1,2,0.317005502934132,6,3,0.4246298117487157
149,7,9,0.7483078697186467,5,9,0.9377339181718136,3,13,0.45174570358752575,12,13,0.8690350790360242,7,11,0.8912516982673915,3,12,0.7430895455581885,4,11,0.9178654967838695
150,3,6,0.6819705447919728,12,3,0.668719528728144,7,12,0.7503786092800032,2,5,0.6141462344878432,9,13,0.7187598614829461,2,9,0.5356977107754379,1,6,0.5574596165405062
151,2,1,-0.5031608711569908,1,13,-0.5039559901047397,10,3,0.4943798951577225,3,13,0.0993711657880173,8,5,0.7379524459428779,4,8,-0.005814212297955423,12,2,0.2605217248588635
152,3,12,0.057480850789497606,3,7,0.6253772311001333,4,5,0.5100980821222881,1,6,0.02483294273970771,1,3,-0.8664823912252506,6,7,0.026009077517960888,6,12,0.22256555910209963
153,2,9,-0.1930928181838698,7,11,0.15975958584162542,11,12,0.7532119716474235,6,2,0.23566326003925897,1,13,-0.19956021426909487,9,10,0.5794224857425011,3,6,-0.40575901678114845
154,8,13,0.5742401164894132,1,8,0.3112957867859849,2,7,0.0796409738884798,1,10,0.01111377738621544,2,7,0.4228406607270303,6,3,0.03497183567867368,3,6,0.30101470439397926
155,1,8,0.10018679486756676,1,3,0.01514104717977327,4,8,0.1529866108038449,6,8,0.7049714307438444,5,7,0.48397349335351936,9,13,0.49288812261377946,1,8,-0.1539022385496318
156,1,6,-0.1717498357448899,12,5,0.7180936330137693,10,11,0.7537169896629522,2,3,-0.3326388269580425,6,9,0.1882144260886247,3,13,-0.738042508110893,2,7,0.13185801283884957
157,8,10,0.689800077210597,2,10,0.16809287743528223,1,2,-0.474570963723167,1,5,0.24453944593096133,9,6,0.5382509197888323,1,3,0.17632776114497217,6,2,-0.5937772424999672
158,7,13,0.592690935600458,7,13,0.0756752389111518,8,10,0.6413304413815092,2,7,0.4923365453985342,2,6,0.3840617044504975,12,13,0.37146676906989673,1,8,-0.1254750413869068
159,3,5,0.5567122365416081,2,8,0.5921131267217361,6,11,0.6756287619220178,1,3,0.3676899825128239,3,4,0.7743770751389251,2,5,0.5472748976319564,5,1,0.7328275496924246
160,9,13,0.5944183832733423,5,8,0.9166409670673183,1,2,0.584874754570986,2,7,0.6676012517380878,4,7,0.8091778095485207,3,6,0.5471002812056035,2,6,0.2800578367617774
161,7,1,0.4146185137055338,8,6,0.565204913084003,1,10,0.575617790399157,3,6,0.40001801025910777,8,12,0.7932277221853282,1,4,0.35941046274220345,2,3,0.43586167516947905
162,6,8,0.7349784422371557,6,8,0.8649020486267669,1,13,0.4556416904624119,11,1,0.7676725300905887,12,5,0.8714900640069911,2,7,0.790020459323058,3,6,0.517482821324165
163,13,2,0.31911935225975707,6,13,0.5367172899191022,5,10,0.5483150116394263,5,9,0.9228816827372563,3,9,0.5743793973620338,6,4,0.6952735937107282,8,13,0.6661110660318832
164,2,4,0.775908220476845,7,9,0.7250261450767895,5,4,0.9061921759498999,12,1,0.6707490728514659,11,12,0.8019403805496135,4,10,0.7077093562728379,6,9,0.48388272371721164
165,7,8,0.6269941837256017,2,7,0.5071354615954322,12,5,0.8846683872648334,2,4,0.5300488551618705,1,2,0.061407291266041386,1,7,0.5485447259055478,2,10,0.5610714517145057
166,7,12,0.8822275654852344,1,13,0.2797636526830114,4,6,0.6024693145377733,1,6,0.2828613572040226,2,3,0.5308869548046216,9,10,0.6527414584946565,6,7,0.7397558261092372
167,2,7,0.49668179323266404,1,9,0.6939649436229605,3,5,0.8925440684498898,2,5,0.8512224364340009,9,13,0.8642034320982459,6,7,0.5320231321255013,5,6,0.7653254458662454
168,4,7,0.8217928062843602,5,10,0.680168868155514,6,11,0.7729899389644082,8,9,0.8397721725986318,2,6,0.12162410767578147,7,9,0.8326693008649763,11,13,0.7066842558306647
169,7,10,0.6603548976974927,1,9,0.7932050077445938,13,1,0.3996205645455515,7,5,0.750345189115614,1,10,0.6639126667975229,8,4,0.9048863513842632,6,12,0.7278326012679128
170,2,6,0.5379423052561463,7,8,0.7238849622392256,1,9,0.7332645324758237,5,7,0.9446184270757466,2,5,0.7371355076144115,9,12,0.9120909842705501,1,10,0.3980969036180091
171,13,9,0.6533522275079324,3,6,0.5484065919836951,7,13,0.8009733840240767,6,12,0.7917614837453297,12,7,0.881862046580848,1,6,0.1731169228835273,3,13,0.5767364821792653
172,7,9,0.817991056183129,12,11,0.868831130930552,3,12,0.5611578894189898,2,11,0.6511554276277371,3,4,0.7804438121827726,3,7,0.741893461337559,2,5,0.7721889495513707
173,3,5,0.6962041093163314,2,4,0.5785588319876676,10,12,0.7476777820053311,1,6,0.3360483847870729,9,13,0.636152025478312,6,10,0.35445734671014606,1,2,0.6168582638102529
174,6,11,0.6997077802615481,4,10,0.687998139973901,12,8,0.8931834138202261,3,6,0.7255668527639727,1,12,0.6984549679523124,5,8,0.7486024651857498,1,6,0.5771905745766899
175,11,8,0.8490424983936573,7,9,0.8480664157483092,4,9,0.6839499763481514,3,7,0.5362842719335909,1,3,0.5632980181295211,12,7,0.7925308683141201,1,8,0.9135472272123922
176,11,13,0.8715205608640397,7,1,0.429005624580035,9,13,0.5835102866658143,1,13,0.5920014447532624,1,6,0.31652599551457294,3,5,0.8991904985469409,3,6,0.4260373204296303
177,2,7,0.6266370534829825,1,7,0.5378216227868704,5,8,0.9130244004265816,1,11,0.7019803287923045,2,11,0.7335701217129122,6,10,0.2156880099571823,9,11,0.8858811724009106
178,13,1,0.5072813900323163,2,5,0.6937816077752038,12,10,0.7863025663538328,2,12,0.6266845362752113,9,1,0.6844570023070531,6,10,0.3865533485990371,7,13,0.6821061576007321
179,2,9,0.7420990752805141,1,5,0.7507813040261928,5,7,0.6907405676577075,12,9,0.7405543586285434,6,7,0.4657033362266205,1,2,0.43703042562279126,1,4,0.4612767700737993
180,2,1,0.2898305919869596,6,9,0.5226367307760615,9,6,0.25296587813516513,4,6,0.7126299131118372,1,2,0.618235770770521,6,9,0.3579265944443619,2,1,0.4986734634157268
181,9,11,0.8938359216986284,10,7,0.4781516852075791,1,6,0.47751832531615745,2,10,0.6233666027563136,1,12,0.5589075761445805,6,12,0.4541028465795084,4,6,0.5952142142767539
182,2,3,0.7156843558150107,3,5,0.6593965141454259,3,13,0.5506582557024069,4,7,0.9063966427621076,7,9,0.6846976119892607,6,7,0.6477040541055333,1,2,0.36189080707679055
183,2,12,0.6612661909521116,2,7,0.7906527076294295,3,7,0.6574560147392112,8,1,0.44011995018267625,1,6,0.26748194031074735,2,5,0.7442735594794898,8,13,0.8261996506141261
184,1,3,0.46182760448861737,2,3,0.48070766220209715,1,2,0.2548694442639111,5,10,0.7827555104973544,2,6,0.26351476607666313,6,7,0.42124857152906237,6,7,0.5441196334995059
185,4,7,0.8756065567588638,7,6,0.6222553034875811,2,3,0.2667474661028275,4,8,0.6954381364918147,4,6,0.6673570281686004,1,13,0.6219205980919376,6,11,0.6698760903765189
186,1,6,0.13483263696556136,7,8,0.8109010510588993,1,2,0.5779797562011065,3,1,0.30664519034540494,7,1,0.5862928828674417,13,8,0.7303245386047409,5,13,0.8936658378019128
187,1,2,0.4974462996085295,10,13,0.7377842542966042,1,5,0.7247001608342745,7,10,0.815140076356704,12,7,0.583320858915584,10,13,0.5324735301165688,9,10,0.6308173972318167
188,6,9,0.5019600729346494,12,1,0.5853198972387099,1,3,0.40099059238911894,5,7,0.8107657296195121,1,9,0.7040890478763993,1,8,0.7508486059801712,2,12,0.7765503582803692
189,6,11,0.8466065496557191,7,8,0.7895265309456874,7,10,0.6930776355698871,4,6,0.7575151692494528,1,2,0.15320107340757372,6,13,0.7229848966124867,3,7,0.7449457670084556
190,2,9,0.458287509804585,6,7,0.6232737470882119,3,10,0.7579767607627339,2,3,0.41680978135368885,1,4,0.7770193949038098,12,13,0.7649632924091675,3,9,0.7498023600602486
191,5,9,0.9288435640556535,11,2,0.842280973108663,2,9,0.6892370811767591,6,10,0.5633669876848886,6,7,0.6511062275419068,3,4,0.8407811042505049,2,8,0.6668855696690239
192,9,13,0.785078576237783,4,9,0.9453087916702179,5,6,0.7203031178701463,7,10,0.7352707109306187,2,4,0.6882502386233493,2,9,0.6918345290564467,1,3,0.6400217915292301
193,1,7,0.5707461318294843,1,5,0.8249148790152686,5,7,0.9340188340937613,1,6,0.31010822309842767,3,11,0.9011192348565242,10,12,0.6839568983691312,3,7,0.8580073304546553
194,6,7,0.6353310978683968,3,9,0.6939601339075053,1,4,0.7356981057156791,7,5,0.9340284586997858,6,10,0.5682785306499587,6,7,0.8666468648694791,2,4,0.701879940196115
195,4,5,0.7950257485698398,5,8,0.9420713519620731,3,4,0.6934102935099125,11,9,0.9634267335735324,6,2,0.4372326196682975,7,13,0.6277754501299788,2,6,0.6295255782512236
196,1,11,0.5642228228354755,2,4,0.8024162666047898,2,7,0.6238177809359005,5,10,0.6673191324305174,1,7,0.6703883752010009,4,7,0.9586840492090936,9,13,0.6884557675287306
197,2,6,0.14977094799126378,3,9,0.755547672675355,11,5,0.9383469312555635,6,1,0.5121672629386458,3,6,0.6167481136447863,5,8,0.8914506291716991,6,13,0.45853583424054234
198,1,4,0.6252915901070808,1,4,0.761321234511933,2,6,0.17951850351476284,5,9,0.7566492365815501,7,9,0.912340245866214,6,1,0.27352939609097127,8,13,0.8329551584034477
199,5,6,0.6049036362905738,5,8,0.09355827233733183,9,7,0.5839983433809848,2,5,0.4486435887229807,1,2,0.009885940946733118,5,13,-0.3902978857178996,9,12,0.7143509859696111
200,9,13,0.10644406171453269,8,1,0.14504753593147712,12,5,-0.012814426382564026,6,13,0.11554427782389398,11,12,0.7335446085152547,1,6,-0.4885679249025452,4,6,0.23131600544505693
201,5,7,-0.017774592826615532,12,10,0.4252867519770718,1,6,-0.2643322249182525,2,7,0.13214607878214835,2,4,-0.33899421607467706,1,9,-0.19286625014100833,1,2,0.028857725667153056
202,9,5,0.5475039594714657,11,4,0.5716918587638107,2,7,0.07886208092426061,5,6,-0.25476902476266217,4,8,0.2938935233263631,13,6,-0.13012899300596326,2,3,-1.0273166994486838
203,3,5,0.016649836839330634,6,11,0.4110491361886516,6,7,0.28743789676702813,6,2,-0.02566820886686605,1,12,-0.570119201787818,7,12,-0.005373428707063477,1,8,0.25363910376898025
204,9,12,-0.33945610444115193,1,8,-0.10269751654339676,2,7,-0.7182998909825886,11,12,0.7395122056305803,1,6,-0.6510073110880927,3,4,-0.5539079957820279,2,8,-0.414399273503923
205,6,10,0.1402296104744265,3,5,0.010328791589048314,9,3,-0.3000334160214164,3,4,-0.012575777176275338,6,10,-0.13900805841508346,1,9,-0.492508692520667,2,5,0.2860882850617792
206,1,12,0.10404495746413744,10,12,-0.4481146293191909,8,6,-0.16457428618359904,1,11,0.27114769634407987,3,6,-0.7640351878067384,3,11,0.2243535014374246,4,6,-0.018035745875457643
207,3,6,0.1223660293781279,4,9,0.642673548134818,1,13,0.32599363104423507,3,12,0.5763140837823232,10,3,0.36714857943539636,3,6,0.33482159393135635,1,8,0.47646220048939414
208,10,13,0.5476786631005263,8,9,0.7329243121496379,1,3,0.4787820964598106,2,10,0.08941539488425376,8,13,0.7149518656406626,1,9,0.5437860845224862,10,12,0.338069141971278
209,10,4,0.4576400017888217,7,11,0.7912268187294715,4,9,0.9245103562511522,9,10,0.729607810068362,3,13,0.48103845137046586,3,1,0.42703477142424084,5,4,0.8271310097697718
210,9,4,0.7975961203049136,6,7,0.5983821565446183,2,10,0.03824585937459446,3,12,0.36550888777616497,12,13,0.5875406906387217,2,3,0.31776602350964733,6,11,0.5706254277310394
211,2,1,0.07725639746655644,2,13,0.15616275152319703,10,8,0.3078172804084486,1,2,0.297460131646169,2,6,0.5300404717370832,1,2,0.15996957816307278,2,4,0.7738137725628771
212,12,1,0.5551365505991668,1,11,0.5817713624082322,2,9,0.6262259331572926,5,6,0.6256683942465427,9,11,0.8701136699459133,12,9,0.685748562834285,3,6,0.6215676245605324
213,1,13,0.4686085816399672,9,12,0.798304704939467,2,4,0.5313238624653132,13,6,0.5158592165226412,6,8,0.42460231464596887,10,5,0.42119078368393326,1,7,0.5383818283700068
214,3,7,0.572821019638773,1,5,0.798581710280535,3,6,0.4125630633891859,10,12,0.6665881995267087,3,11,0.8968896922881717,7,12,0.6558943836643363,13,4,0.88585566365247
215,5,9,0.7643701281438948,2,8,0.5803375131160285,3,4,0.6247641836032087,7,9,0.7756511814986674,1,11,0.823490515123884,3,13,0.3977297993426233,2,4,0.7210398937182829
216,3,9,0.4111875503549113,12,1,0.548775118307499,12,5,0.8805536505006808,2,3,0.3665800001457912,8,7,0.8518459181755793,2,6,0.5791449164392228,10,12,0.5817921380044355
217,2,8,0.6770919706385694,1,7,0.5698321029325388,2,6,0.6737763921371349,6,8,0.7390768867562649,4,11,0.7875271207076249,2,4,0.7710394642681033,12,8,0.8774591640851912
218,4,6,0.6839575047729476,1,10,0.4071597152961157,2,3,0.42023581655495057,6,8,0.759688349565357,6,2,0.3535678001635958,13,7,0.6146892031284168,1,3,0.5227589320696161
219,1,9,0.5982644472503551,12,4,0.8798086261910963,6,11,0.7841193612302014,2,7,0.5135537468710801,1,13,0.6113938051964349,1,4,0.8537343236347447,6,9,0.7846243253639911
220,8,9,0.8685563477835696,8,12,0.8732370224479152,1,5,0.7249415519011437,1,10,0.5541218211256531,3,2,0.5990522984169079,1,6,0.2727679626197089,2,3,0.5484177029624383
221,3,2,0.4204540315835915,11,7,0.85261883026577,7,12,0.8762604168443338,9,10,0.6570107825998851,1,13,0.5763352055566776,10,13,0.7288270874870924,5,6,0.822863652159411
222,5,10,0.7862468730482117,6,7,0.5825665963969623,12,11,0.915663751196346,12,8,0.7655241115812133,9,10,0.7935408533070034,4,7,0.8629871949430132,1,6,0.25013406133181815
223,6,12,0.40918459374220306,1,2,0.5892674030611333,7,8,0.718438760485499,5,12,0.9440413641328476,1,11,0.6152488799397017,4,1,0.5356996590693484,4,6,0.8137940671714179
224,5,12,0.8063143463601601,6,10,0.31237867824857113,3,7,0.6906345233053472,6,2,0.5431329055547437,1,10,0.40366116685821307,2,12,0.6705210036779569,2,4,0.6105885851998304
225,6,10,0.3846115429726684,2,5,0.3488675085677817,10,3,0.5864359078288783,1,11,0.833926326182483,5,10,0.6677275812923585,1,6,0.31200018257048323,3,7,0.6526118616625662
226,2,11,0.6009704457028977,5,9,0.9298442837729708,6,7,0.30105844341113475,6,13,0.14616227201099807,6,7,0.6882938546780533,9,6,0.6615053792557781,3,4,0.6197562715464926
227,13,9,0.3970286917082473,1,4,0.29710148914947276,1,6,0.09609331717325265,2,11,0.5560664346495079,1,6,0.4601103747924449,4,7,0.6108873545705042,1,11,0.2053700230846942
228,4,5,0.6652480094476699,7,10,0.6836092478994911,3,7,0.4617740128103338,11,13,0.4837943094459438,6,8,0.4212491628970374,3,12,0.6588422053550514,4,9,0.6514244574151873
229,6,2,0.4535427872816111,1,4,0.3095527030845393,2,3,0.23134015226567584,5,3,0.7779993769200566,2,9,0.26171473987456795,5,8,0.873205975426474,7,8,0.5512384002912508
230,8,9,-6.419519132270168,5,9,-1.2687492014671387,12,7,-3.82318702890878,7,10,-3.013589389267379,1,5,-2.222247187566987,11,9,-3.6708566496317987,1,13,-2.3152879454782007
231,10,12,0.7001003831434103,6,9,0.334894038047302,6,7,0.4907293939591193,1,9,0.46343420089687104,3,6,0.23973855306162217,9,13,0.6218825517125681,1,6,0.2614107915719852
232,7,10,0.6411943628422873,4,5,0.7752283574142009,6,1,0.22247236242224822,3,6,0.42608600156186305,10,13,0.6591556072933775,2,13,0.4483468833927433,6,2,0.15591907366515645
233,8,9,0.8471083508164716,7,11,0.6659962913714379,1,6,0.12389747514009342,3,9,0.4753530708833831,3,9,0.6712732819840022,9,8,0.7430638148806896,4,1,0.6491842728564896
234,11,12,0.8087791076461158,1,3,0.3834518019716442,3,4,0.4536011843644965,6,10,0.11741446540035094,1,3,0.143855334135923,1,2,0.08800444722427914,3,6,0.5872519830424386
235,2,4,0.6716909942290884,6,9,0.5203441801635608,6,9,0.5208086936668596,1,6,0.01813289141396035,6,12,0.5490795860059968,2,1,0.2596944416069672,1,2,0.350564875454342
236,7,6,0.4307134388595085,11,3,0.8307094984447654,6,9,0.8269313700235955,1,5,0.3093682090173201,1,7,0.6102156620761745,4,5,0.8958351286887146,2,6,0.09086026558766003
237,7,9,0.8333117631520501,3,7,0.5136463355355366,13,1,-0.009162607507479104,2,10,0.5415695623692522,12,7,0.9366811059377829,4,6,0.49678994934236187,13,10,0.4812793029221425
238,4,11,0.8069707908557986,1,6,0.37649159364891926,1,5,0.735988031724486,7,6,0.42392447034200353,3,4,0.45485379630035183,3,9,0.48088688111746836,1,2,0.04430373454906933
239,10,12,0.42696692310492323,13,6,0.36329478650141145,11,13,0.8260925072920782,2,6,0.5199242365196115,1,3,0.16918099096747552,9,2,0.41739686294493905,1,7,0.8406671293648538
240,2,3,0.6405014773365164,9,3,0.6460774710774049,2,3,0.3816922001576015,5,7,0.8716674286714751,5,8,0.8891791971171672,1,4,0.764133904133451,6,3,0.42499563001072316
241,2,4,0.8421226009273248,5,7,0.8642965553899027,1,9,0.5089177683765549,6,8,0.6022194337259557,3,6,0.62358689528191,2,6,0.3354362204927104,1,13,0.43793354622080116
242,5,13,0.6160226497704467,1,2,0.5806919882439538,13,12,0.7751278076556181,12,3,0.7091351763976074,3,9,0.5825548790790931,2,6,0.14233463795332546,10,6,0.4554365316864356
243,11,4,0.914758339833633,11,13,0.8123566999998066,1,2,0.27219547752068673,3,2,0.5704007205281436,10,11,0.8024049333582871,2,10,0.5993352966513577,7,2,0.6627297773523024
244,11,13,0.8386134256470403,3,1,0.45312487270596224,6,10,0.6384690462247601,3,6,0.7136910180078692,2,6,0.5217818244913147,3,5,0.8071436940785696,2,4,0.8574937548129019
245,8,4,0.9006281761721201,7,4,0.8791019375223024,5,3,0.8002934159036207,12,2,0.6342263194576528,1,6,0.4790407015117343,10,2,0.5451121281554271,12,13,0.6831894374899539
246,1,9,0.6512649538283217,11,12,0.8469176581899045,1,3,0.6356738680592173,4,6,0.7856863643887266,4,7,0.7403095644646358,13,7,0.6649628277195039,6,9,0.6678371994242368
247,7,10,0.683326555049098,1,2,0.31124383089141583,3,6,0.6589139034225804,1,2,0.4365114590043684,11,1,0.6444016921328362,12,11,0.7913645335440099,6,11,0.8190529024267803
248,12,11,0.8625883225889228,1,3,0.42297160176452653,9,13,0.6854480550996959,5,6,0.5606707379128404,2,6,0.15664242616228985,2,3,0.24128638428771532,2,9,0.7505547225006798
249,4,11,0.6925612200739644,7,4,0.5494805198725398,9,12,0.8353690420717359,4,6,0.40797011613865874,1,9,0.47962639852250244,3,5,0.697429790994506,4,6,0.4976370812651827
250,11,7,0.7671812217792555,7,8,0.8748184509968548,1,4,0.10616913201830447,7,9,0.8666689442548162,3,7,0.39392675181810166,12,7,0.7215106908354004,6,7,0.48949990523072184
251,3,9,0.5690028248956605,3,4,0.6216592790678712,2,5,0.6403461212315,13,10,0.2044874859141963,1,2,0.24720076112977862,6,9,0.43325953959226216,9,11,0.5660950756366291
252,3,9,0.5424311359459163,2,3,0.09704016421618311,1,9,0.33310396265704345,5,6,0.34515334362813377,2,9,0.5918141183888168,1,12,0.13176234713072477,6,10,0.17085273988682126
253,1,6,0.2624226568892488,2,13,0.08260805332603849,4,5,0.8343115090126576,6,9,0.241812878222867,1,6,0.4972024573140369,1,3,0.2841231200782173,6,10,0.3263890365594737
254,4,9,0.7442280673273979,2,6,0.22810666673199753,2,12,0.34277325509483525,5,10,0.5309852210227044,7,9,0.5191491847166855,2,5,0.6226652140029424,12,5,0.5767582736571912
255,2,1,0.29530877743875306,7,2,0.5800094034169443,1,5,0.5083415855878333,7,12,0.7959432566693371,2,6,-0.14673923041857995,7,10,0.40642468186155756,12,6,0.4576231058079866
256,4,11,0.8420794759708008,5,6,0.4411057111471961,1,5,0.4623122714702621,2,10,0.2253325180068102,1,8,0.5517704184556527,6,9,0.34765719020786034,3,6,0.3964469783429978
257,9,3,0.6389108822671326,8,9,0.7620055365245173,13,11,0.5666446915577046,7,10,0.30961296111809555,3,9,0.6304580129484909,3,6,0.4159417211183998,8,2,0.4530040910274191
258,1,5,0.6161546642377353,4,10,0.6086614167537048,3,7,0.6301222885547033,7,9,0.4600816984368239,8,5,0.5196756501781712,1,6,0.11172994015206839,1,6,0.10739814877981624
259,1,2,-0.2657717832207671,1,2,-0.12288271857981536,1,2,0.006199883939102424,3,10,0.3639279007080458,9,1,0.3045433753279345,9,2,0.5288109116072011,2,5,0.4562759789309615
260,8,9,0.9132602136574516,2,3,0.2558785811728389,5,8,0.5185736881776828,6,10,0.5020299589823352,1,4,0.5689882513061768,6,11,0.6739396650505438,1,6,0.18813978250266605
261,4,6,0.34753903345611914,3,5,0.8613824583666998,3,7,0.4052668091712619,2,6,0.30351585537703196,2,3,0.3322691471290252,1,9,0.6290903333948336,9,4,0.9068868447598486
262,1,3,0.4409863180372364,1,9,0.4199951933167311,1,3,0.2802635830767646,9,12,0.8407904470696385,2,5,0.7667783853343655,6,11,0.4272805119579559,1,4,0.6960654479867922
263,3,8,0.7873715437809752,8,3,0.8691291895566952,3,11,0.7548064731216665,2,6,0.3168270255321459,4,6,0.6228678112592149,1,8,0.7315015737624608,11,2,0.6608066424957477
264,11,1,0.6755148120837274,3,8,0.7966953843183293,6,3,0.6037147005022591,11,7,0.9151712053358555,1,7,0.6657005245085252,12,9,0.8124992132023258,6,13,0.48317484196057414
265,3,8,0.8488902301359356,6,7,0.7240551722244255,1,10,0.5982840938054057,8,13,0.8525256088765459,13,1,0.5633585497435406,4,5,0.8548028758206615,8,9,0.9207401760738202
266,1,3,0.697904242653546,3,7,0.59077997262807,12,6,0.7365975394037088,3,5,0.7453608888247827,11,6,0.4688493632309235,1,6,0.2797972181057238,7,12,0.9055073619976831
267,1,13,0.36449935621684015,1,7,0.7215825320790934,8,11,0.83999648397894,11,8,0.9093549202442586,1,8,0.5091977317046673,5,12,0.8547405850889049,2,7,0.6899950536573466
268,10,4,0.7050846563602139,2,12,0.6415895775858094,2,5,0.724029708754163,2,4,0.7789055979091256,4,6,0.8146524690431796,3,12,0.7044275287386723,2,7,0.4719531338858547
269,2,3,0.6665550003323428,7,11,0.8711345639210261,4,7,0.8673926918316424,1,4,0.5509675459245245,4,6,0.7042990609875476,7,6,0.7324764539997373,10,2,0.6800452900445876
270,5,7,0.4970974558092077,6,7,0.21882682468763237,8,13,0.30434965704987527,2,9,0.5238329824235588,6,13,0.35878568204725747,12,4,0.7341269885054276,10,13,0.10619101223477323
271,2,4,0.6487984801603042,3,10,0.7304396892699381,9,2,0.5139188064336211,1,4,0.616208032606756,3,5,0.4003786835763008,2,1,-0.1352812874121323,6,8,0.772538467951214
272,4,8,0.8042041070400395,11,2,0.35823665121103043,4,10,0.6238415835324056,12,6,0.28440043875552956,9,4,0.7325790426039593,9,5,0.7264625377318975,2,7,0.3833856909589306
273,7,3,0.4667005063301922,2,8,0.3851627903425717,3,13,0.27721621213944414,6,12,0.40063560526985964,2,12,-0.054811637944108815,1,7,0.20942857272977322,6,7,0.23710053473628356
274,2,3,0.17128718594933934,7,9,0.28718720548171783,7,6,0.04413010413057761,7,11,0.5385115139140655,1,7,-0.3566842084614541,6,5,0.21460910004823797,1,2,0.054295964063058255
275,1,2,0.2880101387639846,3,11,0.2799468314567781,2,9,0.0017152227098208295,1,6,-0.2264373079730666,12,11,0.4311119218621917,7,1,0.30036570008725916,2,12,0.4349451995371215
276,6,8,0.5194354124678854,10,9,0.7417967825044135,8,12,0.5248562112557134,1,9,0.45193725717243816,11,5,0.692129193027538,1,7,-0.10160017041654323,1,5,0.16003902344334175
277,6,11,0.45593012166368607,5,7,0.6703194871564522,4,6,0.6050093136980246,3,4,-0.01217886911012478,11,4,0.6802403361401437,5,6,0.5268240527173443,10,1,0.20374847607904312
278,1,3,-0.13852586336686512,1,2,0.039723940425515414,2,3,-0.2964550394425498,6,5,0.26903446525251196,2,12,0.43283565983257877,1,2,0.1440193315490541,1,5,0.13279315048135432
279,4,10,0.3785588743914101,1,8,0.5470086460719683,6,7,-0.1800734602065326,2,7,-0.13420353457474055,6,13,-0.22783419918171455,2,10,0.3036110575440756,2,11,0.16758622880400798
280,3,4,0.12619862320657482,1,9,0.17980657187238003,4,5,0.5790106201461924,4,11,0.8615073289064963,10,5,0.5097159170316384,1,4,0.25456013041179837,1,9,0.22841961513015763
281,4,7,0.9238754320096034,2,1,0.10357705492032043,13,3,0.39347052790403914,2,3,0.45843194847917323,9,12,0.5718298072875722,6,13,0.3251539133291197,1,12,0.6332233313938006
282,3,9,0.6873420139697103,3,4,0.7372632917324989,7,13,0.6894894501806228,4,12,0.6802812584310836,2,4,0.6926818733162043,5,9,0.6474385155574811,2,12,0.6239367166972474
283,6,4,0.6346397175213823,3,10,0.08119618005380536,4,10,0.6310468586979405,1,6,0.12347216483269718,2,6,0.32262765542741034,5,7,0.8331200957355398,3,12,0.5291308942297508
284,8,10,0.5409647364821788,1,5,0.6822656443081389,5,9,0.6145932546001048,6,7,0.256206118969582,6,9,0.5235081067291598,6,13,0.6971324328721347,6,7,0.45450117977701576
285,1,8,0.5355979970228826,7,10,0.7113289531833127,10,1,0.6070081424907547,1,12,0.4410151667785065,6,12,0.6242010435488348,2,3,0.18855108232388085,6,12,0.5318801933200756
286,3,5,0.7513497079493252,3,11,0.8251362753171688,4,3,0.7388654316685526,1,6,0.4791112370905938,11,1,0.8896352227051835,4,1,0.5455074921257002,6,13,0.19893969807066192
287,6,11,0.7292572245956661,5,6,0.680636800786439,11,10,0.7411991451362228,6,7,0.5400677068467222,1,10,0.4157980662385228,1,2,0.37348644947776055,11,2,0.8425418785181159
288,6,3,0.43083597972403687,2,6,0.16676865631597693,2,4,0.7585684846130776,2,6,0.14720889006689575,13,4,0.8701219459687987,9,5,0.8322664573816623,3,4,0.7715665305851914
289,1,6,0.3032112245725367,2,7,0.6220111824530767,5,6,0.7161758524073154,10,4,0.8208120802915961,1,10,0.29291457761322615,1,2,0.4732439231371981,1,11,0.8457991685354308
290,8,1,0.646232553226017,11,6,0.668805657511248,7,11,0.8500538418863607,6,11,0.7888202393764847,10,1,0.4597518970936578,8,1,0.6030846198435963,1,7,0.4296964930225924
291,2,4,0.7973298555999384,3,12,0.8173244869497102,1,2,0.342852939694012,3,6,0.5746687617892146,6,12,0.8241725687408856,2,6,0.4635580010107805,3,5,0.7717726319993611
292,1,3,0.6121164982322249,1,8,0.8990806813030237,11,12,0.8448007150570526,1,2,0.3736291678971111,11,4,0.9256094631187256,4,6,0.7966899254405739,5,6,0.5157824063814773
293,2,5,0.8557515449479547,6,5,0.7236413968240574,7,10,0.707020116052807,3,12,0.8601852729341128,10,11,0.6525812166143881,6,9,0.6461600702140625,3,5,0.808812951510268
294,1,7,0.5878322179447006,8,3,0.6299613147113632,3,4,0.8734433029826447,10,1,0.4894748126824726,1,4,0.6742881563393341,1,13,0.5588257919785913,2,6,0.4667083570852032
295,9,5,0.8463182503799322,4,10,0.7656528612097848,11,7,0.8610515595513546,4,5,0.6874402058811121,2,3,0.3728755955350551,1,11,0.6030595543620558,12,4,0.9183425202687486
296,1,12,0.48987750201174196,12,7,0.8531233481201892,6,8,0.7414951253910091,6,10,0.4596596220850987,2,4,0.7317167629928865,2,8,0.5456971396929491,1,5,0.4041705056814977
297,6,11,0.5491188990913604,3,10,0.17916574350049785,6,8,0.5401894086115036,6,7,0.7941745431970874,2,13,0.5388046373287938,1,5,0.7436358400133165,2,3,0.309687993341784
298,1,12,0.23189711635803556,6,10,0.40806269870952805,3,9,0.7790583693941261,10,3,0.6694199651405144,7,9,0.6771536574330146,8,13,0.6479693953081518,10,1,0.20669831989535248
299,2,3,0.19151364972871965,12,10,0.5140541117570072,3,10,0.5636094217778301,1,2,-0.12647386007982964,1,3,0.1054195677245946,2,3,0.21562309676827351,3,12,0.8427887806570957
300,2,3,0.14560770498093567,6,13,0.30744813144784977,1,2,-0.14210185709019751,1,11,0.4950899301383541,6,7,0.4949720508460851,1,3,-0.1269171760533514,1,4,0.341808316746823
301,12,9,0.6800487742314324,13,4,0.7004626181678176,1,11,0.5827315913007988,6,2,-0.47485025783179347,12,7,0.5342587069085734,1,9,0.38044269808533826,6,12,0.2149765373873499
302,4,7,0.44777709579830116,11,2,0.4474500756281681,2,9,0.5615014131004914,10,1,0.44236820481524874,3,11,0.6225627383253309,1,6,-0.15071097640677045,2,6,0.2683545873954831
303,1,10,0.23598680623487056,8,12,0.6731545726868295,2,11,0.4463660828916497,7,8,0.8054431957416958,3,9,0.43088822842705377,1,7,0.29411988334281314,5,9,0.876756454511211
304,12,13,0.5381326824736795,1,2,0.13498248051632245,1,10,0.3676183863269509,10,12,0.254499047561354,2,9,0.42044219071531563,5,6,0.34970221285024505,12,1,0.48189328393552033
305,1,10,0.1872438320585259,6,7,0.4140291901981312,2,4,0.37634528306633686,6,1,0.07397356012782952,6,12,0.3430724417628732,13,1,0.09952517348368473,2,3,-0.013074978231213619
306,8,10,0.777550637572828,12,13,0.6202583678235171,1,13,0.13352636181596456,3,7,0.6686060928220925,10,12,0.30122687677014337,2,6,0.25543348583693704,3,6,0.22353299163449902
307,5,11,0.8927409646974857,2,4,0.7246842199539301,8,10,0.5030928765478033,3,10,0.6472254780379738,7,10,0.441429222387657,1,5,0.4778380560895731,1,9,0.2906297443886737
308,4,6,0.6963246367735167,7,8,0.8943800070533958,2,8,0.25938116205208517,3,8,0.787034241567566,3,6,0.3048370233610568,9,7,0.7423551706116407,1,6,0.4608538880561641
309,1,6,0.478578602792211,4,8,0.8263953176583629,3,6,0.5750264876175,1,9,0.48769524136515774,7,8,0.5652250053603998,1,2,0.2722841394889721,12,10,0.8251381704164352
310,11,12,0.7662000461340773,12,2,0.8240276423035997,2,5,0.5563384228443199,2,3,0.1676917705774773,1,11,0.7782429437193272,2,6,0.451134841144627,1,13,0.4672461260885671
311,3,4,0.7556420384168039,6,4,0.5057387266903511,1,9,0.5457971381937825,12,4,0.8719451454251494,4,5,0.7183600072397134,2,5,0.8538548204845456,2,6,0.3917299052084817
312,6,10,0.42241972322591537,5,6,0.7136030095261393,7,12,0.9316454097557059,7,8,0.8579997837498626,7,2,0.7488632990550167,2,4,0.6782524742038161,6,10,0.4433456430202679
313,5,11,0.6896130837272049,6,8,0.6531938230445508,3,6,0.5431998616334154,6,11,0.8334522790266604,8,1,0.6505213525629167,1,12,0.5994078936955801,9,6,0.767072768305736
314,1,2,0.22250417381542542,1,8,0.6574840478477124,1,10,0.6132295801472113,6,13,0.5307605437597618,1,13,0.472807507650414,3,11,0.8144778556933847,8,9,0.9555907109449151
315,2,3,0.5114150166419418,2,7,0.6814186929094023,12,13,0.7545630308618128,13,1,0.5563292500921752,7,13,0.8060634633515842,1,10,0.2144227315965881,6,3,0.45543216444453916
316,1,12,0.7524341271278525,8,9,0.9449958775374873,6,10,0.6586529723685667,8,5,0.8525755857566766,7,10,0.6215589321743945,6,7,0.5890905935515666,2,7,0.7698288580119375
317,4,6,0.8283890622591865,10,13,0.6028826133331573,6,5,0.630902510693282,1,3,0.5020832040907395,9,12,0.8214551832025923,1,4,0.8852663250847315,5,11,0.9347298296731328
318,1,4,0.7170002155506532,9,1,0.7262487569733841,6,9,0.5725564774216777,6,12,0.6716653863179365,10,5,0.6331011542979924,4,3,0.8841421715555229,1,2,0.4521814180272734
319,3,6,0.40843973632745323,7,1,0.18736751375126826,12,1,0.5539510132866117,4,10,0.7190135360937946,1,12,0.6454745581221043,6,4,0.7617936951252426,4,2,0.5889416348918766
320,3,5,0.5876476076759832,8,13,0.2976846797901751,1,7,0.3858137925903872,5,10,0.6741018262980851,1,6,0.4234422549873118,3,9,0.65998848164135,2,6,0.23887670141637818
321,10,12,0.7267210129702988,1,4,0.7920044110269979,1,5,0.5801348173984078,3,13,-0.08375332334403685,2,3,0.28114296314120835,2,7,0.6599870543428595,8,13,0.7465744313846783
322,8,10,0.6116905761618062,9,11,0.7501118744623545,1,2,-0.1609417881418178,2,7,0.1355803700023892,8,12,0.672808625465292,10,11,0.724834572131869,3,4,0.36342832109455525
323,1,3,0.16927091310242626,1,2,0.3193671774314557,2,3,0.33820399058492057,6,1,-0.46960053022945436,4,6,0.5321804107845892,1,13,0.22510658373947967,1,3,-0.1099201571828301
324,2,10,0.36120835043662347,5,4,0.5151145527112144,13,4,0.1592309908245837,6,12,0.5298717393399063,6,8,0.5968958315252193,13,7,0.532853662580163,6,8,0.7273929397728415
325,9,12,0.7049494691924267,2,11,0.6660976648721358,6,5,0.49839348127502314,2,4,0.35285510226548544,13,12,0.5357858004585182,11,12,0.5988752208709779,1,2,0.12178379834328368
326,2,5,0.45573459518612336,2,4,0.4945189219224533,13,2,-0.20297356224503216,2,6,0.17323916736161693,11,3,-0.009819054694493179,9,3,0.4834328253232104,7,9,0.4970326671312093
327,1,12,0.5054737971474444,4,12,0.8816302648299181,5,8,0.8968179675734291,1,3,0.4315580173791984,7,10,0.37769909360257625,10,6,0.4513121116612754,9,12,0.6569392158183073
328,6,12,0.2786897254276952,3,6,0.6329158345249455,2,4,0.6486593056279364,6,1,0.3230980687203414,2,10,0.43328250280062763,4,9,0.7522375012368461,3,9,0.7499781609708668
329,1,3,0.43946753070994504,3,7,0.8629922295161394,4,8,0.8519302498648995,2,12,0.5168946764385249,6,13,0.43343309296121824,11,6,0.6770962106026869,1,6,0.26547378336763383
330,5,2,0.8174906642462214,6,3,0.7160360173635321,3,11,0.7848479671751898,2,4,0.7849377584958948,2,9,0.6073171532961077,1,6,0.38226356036105447,3,9,0.7831192739822816
331,4,6,0.6572870653441176,9,8,0.804649778466348,4,7,0.8789530866173401,9,2,0.5478601323724064,3,13,0.31100596724327056,7,1,0.4780392746767317,4,5,0.8738384063466107
332,10,2,0.5608015943950437,1,9,0.526716748073486,2,13,0.42316693332562605,6,1,0.24447753289995178,2,3,0.4021333863524732,9,10,0.7554133082235841,3,10,0.4564411258057943
333,11,7,0.8766304446801891,1,7,0.7162610424402158,3,11,0.7802329820258428,5,6,0.6331815712278805,1,8,0.661842694142273,1,9,0.5683235656030194,6,10,0.38937306799274585
334,2,4,0.6412775784821332,3,8,0.7662509998582305,4,11,0.7687117133114059,2,7,0.5792681599769929,9,10,0.5751791209112815,3,9,0.6299191187518631,1,4,0.7972110949856998
335,1,8,0.716289196774638,1,6,0.5641406495828453,9,13,0.7711746650968033,1,6,0.514022986191351,1,2,0.49506694173959565,6,8,0.8772565127981754,4,3,0.9139574105729067
